series_id,period,frequency,value,unit,status,source_id,source_url,source_sha256,retrieved_at
bcra_private_nonfinancial_fx_deposits,2002-12,monthly,624.000000,million_usd,official_provisional,bcra_monetary_variable_108,https://api.bcra.gob.ar/estadisticas/v4.0/Monetarias/108?offset=3000&limit=3000,6eba117d254bde7fc4b88f0064ff54b9fdd168a7653b1e3c8d83fdd3cc7a84d7,2026-09-03T01:17:59Z
bcra_private_nonfinancial_fx_deposits,2003-01,monthly,674.000000,million_usd,official_provisional,bcra_monetary_variable_108,https://api.bcra.gob.ar/estadisticas/v4.0/Monetarias/108?offset=3000&limit=3000,6eba117d254bde7fc4b88f0064ff54b9fdd168a7653b1e3c8d83fdd3cc7a84d7,2026-09-03T01:17:59Z
bcra_private_nonfinancial_fx_deposits,2003-02,monthly,751.000000,million_usd,official_provisional,bcra_monetary_variable_108,https://api.bcra.gob.ar/estadisticas/v4.0/Monetarias/108?offset=3000&limit=3000,6eba117d254bde7fc4b88f0064ff54b9fdd168a7653b1e3c8d83fdd3cc7a84d7,2026-09-03T01:17:59Z
bcra_private_nonfinancial_fx_deposits,2003-03,monthly,765.000000,million_usd,official_provisional,bcra_monetary_variable_108,https://api.bcra.gob.ar/estadisticas/v4.0/Monetarias/108?offset=3000&limit=3000,6eba117d254bde7fc4b88f0064ff54b9fdd168a7653b1e3c8d83fdd3cc7a84d7,2026-09-03T01:17:59Z
bcra_private_nonfinancial_fx_deposits,2003-04,monthly,856.000000,million_usd,official_provisional,bcra_monetary_variable_108,https://api.bcra.gob.ar/estadisticas/v4.0/Monetarias/108?offset=3000&limit=3000,6eba117d254bde7fc4b88f0064ff54b9fdd168a7653b1e3c8d83fdd3cc7a84d7,2026-09-03T01:17:59Z
bcra_private_nonfinancial_fx_deposits,2003-05,monthly,1014.000000,million_usd,official_provisional,bcra_monetary_variable_108,https://api.bcra.gob.ar/estadisticas/v4.0/Monetarias/108?offset=3000&limit=3000,6eba117d254bde7fc4b88f0064ff54b9fdd168a7653b1e3c8d83fdd3cc7a84d7,2026-09-03T01:17:59Z
bcra_private_nonfinancial_fx_deposits,2003-06,monthly,1102.000000,million_usd,official_provisional,bcra_monetary_variable_108,https://api.bcra.gob.ar/estadisticas/v4.0/Monetarias/108?offset=3000&limit=3000,6eba117d254bde7fc4b88f0064ff54b9fdd168a7653b1e3c8d83fdd3cc7a84d7,2026-09-03T01:17:59Z
bcra_private_nonfinancial_fx_deposits,2003-07,monthly,1206.000000,million_usd,official_provisional,bcra_monetary_variable_108,https://api.bcra.gob.ar/estadisticas/v4.0/Monetarias/108?offset=3000&limit=3000,6eba117d254bde7fc4b88f0064ff54b9fdd168a7653b1e3c8d83fdd3cc7a84d7,2026-09-03T01:17:59Z
bcra_private_nonfinancial_fx_deposits,2003-08,monthly,1327.000000,million_usd,official_provisional,bcra_monetary_variable_108,https://api.bcra.gob.ar/estadisticas/v4.0/Monetarias/108?offset=3000&limit=3000,6eba117d254bde7fc4b88f0064ff54b9fdd168a7653b1e3c8d83fdd3cc7a84d7,2026-09-03T01:17:59Z
bcra_private_nonfinancial_fx_deposits,2003-09,monthly,1429.000000,million_usd,official_provisional,bcra_monetary_variable_108,https://api.bcra.gob.ar/estadisticas/v4.0/Monetarias/108?offset=3000&limit=3000,6eba117d254bde7fc4b88f0064ff54b9fdd168a7653b1e3c8d83fdd3cc7a84d7,2026-09-03T01:17:59Z
bcra_private_nonfinancial_fx_deposits,2003-10,monthly,1498.000000,million_usd,official_provisional,bcra_monetary_variable_108,https://api.bcra.gob.ar/estadisticas/v4.0/Monetarias/108?offset=3000&limit=3000,6eba117d254bde7fc4b88f0064ff54b9fdd168a7653b1e3c8d83fdd3cc7a84d7,2026-09-03T01:17:59Z
bcra_private_nonfinancial_fx_deposits,2003-11,monthly,1632.000000,million_usd,official_provisional,bcra_monetary_variable_108,https://api.bcra.gob.ar/estadisticas/v4.0/Monetarias/108?offset=3000&limit=3000,6eba117d254bde7fc4b88f0064ff54b9fdd168a7653b1e3c8d83fdd3cc7a84d7,2026-09-03T01:17:59Z
bcra_private_nonfinancial_fx_deposits,2003-12,monthly,1754.000000,million_usd,official_provisional,bcra_monetary_variable_108,https://api.bcra.gob.ar/estadisticas/v4.0/Monetarias/108?offset=3000&limit=3000,6eba117d254bde7fc4b88f0064ff54b9fdd168a7653b1e3c8d83fdd3cc7a84d7,2026-09-03T01:17:59Z
bcra_private_nonfinancial_fx_deposits,2004-01,monthly,1845.000000,million_usd,official_provisional,bcra_monetary_variable_108,https://api.bcra.gob.ar/estadisticas/v4.0/Monetarias/108?offset=3000&limit=3000,6eba117d254bde7fc4b88f0064ff54b9fdd168a7653b1e3c8d83fdd3cc7a84d7,2026-09-03T01:17:59Z
bcra_private_nonfinancial_fx_deposits,2004-02,monthly,1902.000000,million_usd,official_provisional,bcra_monetary_variable_108,https://api.bcra.gob.ar/estadisticas/v4.0/Monetarias/108?offset=3000&limit=3000,6eba117d254bde7fc4b88f0064ff54b9fdd168a7653b1e3c8d83fdd3cc7a84d7,2026-09-03T01:17:59Z
bcra_private_nonfinancial_fx_deposits,2004-03,monthly,1911.000000,million_usd,official_provisional,bcra_monetary_variable_108,https://api.bcra.gob.ar/estadisticas/v4.0/Monetarias/108?offset=3000&limit=3000,6eba117d254bde7fc4b88f0064ff54b9fdd168a7653b1e3c8d83fdd3cc7a84d7,2026-09-03T01:17:59Z
bcra_private_nonfinancial_fx_deposits,2004-04,monthly,1977.000000,million_usd,official_provisional,bcra_monetary_variable_108,https://api.bcra.gob.ar/estadisticas/v4.0/Monetarias/108?offset=3000&limit=3000,6eba117d254bde7fc4b88f0064ff54b9fdd168a7653b1e3c8d83fdd3cc7a84d7,2026-09-03T01:17:59Z
bcra_private_nonfinancial_fx_deposits,2004-05,monthly,2227.000000,million_usd,official_provisional,bcra_monetary_variable_108,https://api.bcra.gob.ar/estadisticas/v4.0/Monetarias/108?offset=3000&limit=3000,6eba117d254bde7fc4b88f0064ff54b9fdd168a7653b1e3c8d83fdd3cc7a84d7,2026-09-03T01:17:59Z
bcra_private_nonfinancial_fx_deposits,2004-06,monthly,2300.000000,million_usd,official_provisional,bcra_monetary_variable_108,https://api.bcra.gob.ar/estadisticas/v4.0/Monetarias/108?offset=3000&limit=3000,6eba117d254bde7fc4b88f0064ff54b9fdd168a7653b1e3c8d83fdd3cc7a84d7,2026-09-03T01:17:59Z
bcra_private_nonfinancial_fx_deposits,2004-07,monthly,2319.000000,million_usd,official_provisional,bcra_monetary_variable_108,https://api.bcra.gob.ar/estadisticas/v4.0/Monetarias/108?offset=3000&limit=3000,6eba117d254bde7fc4b88f0064ff54b9fdd168a7653b1e3c8d83fdd3cc7a84d7,2026-09-03T01:17:59Z
bcra_private_nonfinancial_fx_deposits,2004-08,monthly,2401.000000,million_usd,official_provisional,bcra_monetary_variable_108,https://api.bcra.gob.ar/estadisticas/v4.0/Monetarias/108?offset=3000&limit=3000,6eba117d254bde7fc4b88f0064ff54b9fdd168a7653b1e3c8d83fdd3cc7a84d7,2026-09-03T01:17:59Z
bcra_private_nonfinancial_fx_deposits,2004-09,monthly,2457.000000,million_usd,official_provisional,bcra_monetary_variable_108,https://api.bcra.gob.ar/estadisticas/v4.0/Monetarias/108?offset=3000&limit=3000,6eba117d254bde7fc4b88f0064ff54b9fdd168a7653b1e3c8d83fdd3cc7a84d7,2026-09-03T01:17:59Z
bcra_private_nonfinancial_fx_deposits,2004-10,monthly,2456.000000,million_usd,official_provisional,bcra_monetary_variable_108,https://api.bcra.gob.ar/estadisticas/v4.0/Monetarias/108?offset=3000&limit=3000,6eba117d254bde7fc4b88f0064ff54b9fdd168a7653b1e3c8d83fdd3cc7a84d7,2026-09-03T01:17:59Z
bcra_private_nonfinancial_fx_deposits,2004-11,monthly,2458.000000,million_usd,official_provisional,bcra_monetary_variable_108,https://api.bcra.gob.ar/estadisticas/v4.0/Monetarias/108?offset=3000&limit=3000,6eba117d254bde7fc4b88f0064ff54b9fdd168a7653b1e3c8d83fdd3cc7a84d7,2026-09-03T01:17:59Z
bcra_private_nonfinancial_fx_deposits,2004-12,monthly,2500.000000,million_usd,official_provisional,bcra_monetary_variable_108,https://api.bcra.gob.ar/estadisticas/v4.0/Monetarias/108?offset=3000&limit=3000,6eba117d254bde7fc4b88f0064ff54b9fdd168a7653b1e3c8d83fdd3cc7a84d7,2026-09-03T01:17:59Z
bcra_private_nonfinancial_fx_deposits,2005-01,monthly,2585.000000,million_usd,official_provisional,bcra_monetary_variable_108,https://api.bcra.gob.ar/estadisticas/v4.0/Monetarias/108?offset=3000&limit=3000,6eba117d254bde7fc4b88f0064ff54b9fdd168a7653b1e3c8d83fdd3cc7a84d7,2026-09-03T01:17:59Z
bcra_private_nonfinancial_fx_deposits,2005-02,monthly,2622.000000,million_usd,official_provisional,bcra_monetary_variable_108,https://api.bcra.gob.ar/estadisticas/v4.0/Monetarias/108?offset=3000&limit=3000,6eba117d254bde7fc4b88f0064ff54b9fdd168a7653b1e3c8d83fdd3cc7a84d7,2026-09-03T01:17:59Z
bcra_private_nonfinancial_fx_deposits,2005-03,monthly,2671.000000,million_usd,official_provisional,bcra_monetary_variable_108,https://api.bcra.gob.ar/estadisticas/v4.0/Monetarias/108?offset=3000&limit=3000,6eba117d254bde7fc4b88f0064ff54b9fdd168a7653b1e3c8d83fdd3cc7a84d7,2026-09-03T01:17:59Z
bcra_private_nonfinancial_fx_deposits,2005-04,monthly,2685.000000,million_usd,official_provisional,bcra_monetary_variable_108,https://api.bcra.gob.ar/estadisticas/v4.0/Monetarias/108?offset=3000&limit=3000,6eba117d254bde7fc4b88f0064ff54b9fdd168a7653b1e3c8d83fdd3cc7a84d7,2026-09-03T01:17:59Z
bcra_private_nonfinancial_fx_deposits,2005-05,monthly,2916.000000,million_usd,official_provisional,bcra_monetary_variable_108,https://api.bcra.gob.ar/estadisticas/v4.0/Monetarias/108?offset=3000&limit=3000,6eba117d254bde7fc4b88f0064ff54b9fdd168a7653b1e3c8d83fdd3cc7a84d7,2026-09-03T01:17:59Z
bcra_private_nonfinancial_fx_deposits,2005-06,monthly,2947.000000,million_usd,official_provisional,bcra_monetary_variable_108,https://api.bcra.gob.ar/estadisticas/v4.0/Monetarias/108?offset=3000&limit=3000,6eba117d254bde7fc4b88f0064ff54b9fdd168a7653b1e3c8d83fdd3cc7a84d7,2026-09-03T01:17:59Z
bcra_private_nonfinancial_fx_deposits,2005-07,monthly,3014.000000,million_usd,official_provisional,bcra_monetary_variable_108,https://api.bcra.gob.ar/estadisticas/v4.0/Monetarias/108?offset=3000&limit=3000,6eba117d254bde7fc4b88f0064ff54b9fdd168a7653b1e3c8d83fdd3cc7a84d7,2026-09-03T01:17:59Z
bcra_private_nonfinancial_fx_deposits,2005-08,monthly,3297.000000,million_usd,official_provisional,bcra_monetary_variable_108,https://api.bcra.gob.ar/estadisticas/v4.0/Monetarias/108?offset=3000&limit=3000,6eba117d254bde7fc4b88f0064ff54b9fdd168a7653b1e3c8d83fdd3cc7a84d7,2026-09-03T01:17:59Z
bcra_private_nonfinancial_fx_deposits,2005-09,monthly,3320.000000,million_usd,official_provisional,bcra_monetary_variable_108,https://api.bcra.gob.ar/estadisticas/v4.0/Monetarias/108?offset=3000&limit=3000,6eba117d254bde7fc4b88f0064ff54b9fdd168a7653b1e3c8d83fdd3cc7a84d7,2026-09-03T01:17:59Z
bcra_private_nonfinancial_fx_deposits,2005-10,monthly,3360.000000,million_usd,official_provisional,bcra_monetary_variable_108,https://api.bcra.gob.ar/estadisticas/v4.0/Monetarias/108?offset=3000&limit=3000,6eba117d254bde7fc4b88f0064ff54b9fdd168a7653b1e3c8d83fdd3cc7a84d7,2026-09-03T01:17:59Z
bcra_private_nonfinancial_fx_deposits,2005-11,monthly,3442.000000,million_usd,official_provisional,bcra_monetary_variable_108,https://api.bcra.gob.ar/estadisticas/v4.0/Monetarias/108?offset=3000&limit=3000,6eba117d254bde7fc4b88f0064ff54b9fdd168a7653b1e3c8d83fdd3cc7a84d7,2026-09-03T01:17:59Z
bcra_private_nonfinancial_fx_deposits,2005-12,monthly,3542.000000,million_usd,official_provisional,bcra_monetary_variable_108,https://api.bcra.gob.ar/estadisticas/v4.0/Monetarias/108?offset=3000&limit=3000,6eba117d254bde7fc4b88f0064ff54b9fdd168a7653b1e3c8d83fdd3cc7a84d7,2026-09-03T01:17:59Z
bcra_private_nonfinancial_fx_deposits,2006-01,monthly,3620.000000,million_usd,official_provisional,bcra_monetary_variable_108,https://api.bcra.gob.ar/estadisticas/v4.0/Monetarias/108?offset=3000&limit=3000,6eba117d254bde7fc4b88f0064ff54b9fdd168a7653b1e3c8d83fdd3cc7a84d7,2026-09-03T01:17:59Z
bcra_private_nonfinancial_fx_deposits,2006-02,monthly,3713.000000,million_usd,official_provisional,bcra_monetary_variable_108,https://api.bcra.gob.ar/estadisticas/v4.0/Monetarias/108?offset=3000&limit=3000,6eba117d254bde7fc4b88f0064ff54b9fdd168a7653b1e3c8d83fdd3cc7a84d7,2026-09-03T01:17:59Z
bcra_private_nonfinancial_fx_deposits,2006-03,monthly,3813.000000,million_usd,official_provisional,bcra_monetary_variable_108,https://api.bcra.gob.ar/estadisticas/v4.0/Monetarias/108?offset=3000&limit=3000,6eba117d254bde7fc4b88f0064ff54b9fdd168a7653b1e3c8d83fdd3cc7a84d7,2026-09-03T01:17:59Z
bcra_private_nonfinancial_fx_deposits,2006-04,monthly,3926.000000,million_usd,official_provisional,bcra_monetary_variable_108,https://api.bcra.gob.ar/estadisticas/v4.0/Monetarias/108?offset=3000&limit=3000,6eba117d254bde7fc4b88f0064ff54b9fdd168a7653b1e3c8d83fdd3cc7a84d7,2026-09-03T01:17:59Z
bcra_private_nonfinancial_fx_deposits,2006-05,monthly,4096.000000,million_usd,official_provisional,bcra_monetary_variable_108,https://api.bcra.gob.ar/estadisticas/v4.0/Monetarias/108?offset=3000&limit=3000,6eba117d254bde7fc4b88f0064ff54b9fdd168a7653b1e3c8d83fdd3cc7a84d7,2026-09-03T01:17:59Z
bcra_private_nonfinancial_fx_deposits,2006-06,monthly,4215.000000,million_usd,official_provisional,bcra_monetary_variable_108,https://api.bcra.gob.ar/estadisticas/v4.0/Monetarias/108?offset=3000&limit=3000,6eba117d254bde7fc4b88f0064ff54b9fdd168a7653b1e3c8d83fdd3cc7a84d7,2026-09-03T01:17:59Z
bcra_private_nonfinancial_fx_deposits,2006-07,monthly,4319.000000,million_usd,official_provisional,bcra_monetary_variable_108,https://api.bcra.gob.ar/estadisticas/v4.0/Monetarias/108?offset=3000&limit=3000,6eba117d254bde7fc4b88f0064ff54b9fdd168a7653b1e3c8d83fdd3cc7a84d7,2026-09-03T01:17:59Z
bcra_private_nonfinancial_fx_deposits,2006-08,monthly,4643.000000,million_usd,official_provisional,bcra_monetary_variable_108,https://api.bcra.gob.ar/estadisticas/v4.0/Monetarias/108?offset=3000&limit=3000,6eba117d254bde7fc4b88f0064ff54b9fdd168a7653b1e3c8d83fdd3cc7a84d7,2026-09-03T01:17:59Z
bcra_private_nonfinancial_fx_deposits,2006-09,monthly,4816.000000,million_usd,official_provisional,bcra_monetary_variable_108,https://api.bcra.gob.ar/estadisticas/v4.0/Monetarias/108?offset=3000&limit=3000,6eba117d254bde7fc4b88f0064ff54b9fdd168a7653b1e3c8d83fdd3cc7a84d7,2026-09-03T01:17:59Z
bcra_private_nonfinancial_fx_deposits,2006-10,monthly,4912.000000,million_usd,official_provisional,bcra_monetary_variable_108,https://api.bcra.gob.ar/estadisticas/v4.0/Monetarias/108?offset=3000&limit=3000,6eba117d254bde7fc4b88f0064ff54b9fdd168a7653b1e3c8d83fdd3cc7a84d7,2026-09-03T01:17:59Z
bcra_private_nonfinancial_fx_deposits,2006-11,monthly,4904.000000,million_usd,official_provisional,bcra_monetary_variable_108,https://api.bcra.gob.ar/estadisticas/v4.0/Monetarias/108?offset=3000&limit=3000,6eba117d254bde7fc4b88f0064ff54b9fdd168a7653b1e3c8d83fdd3cc7a84d7,2026-09-03T01:17:59Z
bcra_private_nonfinancial_fx_deposits,2006-12,monthly,4932.000000,million_usd,official_provisional,bcra_monetary_variable_108,https://api.bcra.gob.ar/estadisticas/v4.0/Monetarias/108?offset=3000&limit=3000,6eba117d254bde7fc4b88f0064ff54b9fdd168a7653b1e3c8d83fdd3cc7a84d7,2026-09-03T01:17:59Z
bcra_private_nonfinancial_fx_deposits,2007-01,monthly,5085.000000,million_usd,official_provisional,bcra_monetary_variable_108,https://api.bcra.gob.ar/estadisticas/v4.0/Monetarias/108?offset=3000&limit=3000,6eba117d254bde7fc4b88f0064ff54b9fdd168a7653b1e3c8d83fdd3cc7a84d7,2026-09-03T01:17:59Z
bcra_private_nonfinancial_fx_deposits,2007-02,monthly,5102.000000,million_usd,official_provisional,bcra_monetary_variable_108,https://api.bcra.gob.ar/estadisticas/v4.0/Monetarias/108?offset=3000&limit=3000,6eba117d254bde7fc4b88f0064ff54b9fdd168a7653b1e3c8d83fdd3cc7a84d7,2026-09-03T01:17:59Z
bcra_private_nonfinancial_fx_deposits,2007-03,monthly,5179.000000,million_usd,official_provisional,bcra_monetary_variable_108,https://api.bcra.gob.ar/estadisticas/v4.0/Monetarias/108?offset=3000&limit=3000,6eba117d254bde7fc4b88f0064ff54b9fdd168a7653b1e3c8d83fdd3cc7a84d7,2026-09-03T01:17:59Z
bcra_private_nonfinancial_fx_deposits,2007-04,monthly,5310.000000,million_usd,official_provisional,bcra_monetary_variable_108,https://api.bcra.gob.ar/estadisticas/v4.0/Monetarias/108?offset=3000&limit=3000,6eba117d254bde7fc4b88f0064ff54b9fdd168a7653b1e3c8d83fdd3cc7a84d7,2026-09-03T01:17:59Z
bcra_private_nonfinancial_fx_deposits,2007-05,monthly,5383.000000,million_usd,official_provisional,bcra_monetary_variable_108,https://api.bcra.gob.ar/estadisticas/v4.0/Monetarias/108?offset=3000&limit=3000,6eba117d254bde7fc4b88f0064ff54b9fdd168a7653b1e3c8d83fdd3cc7a84d7,2026-09-03T01:17:59Z
bcra_private_nonfinancial_fx_deposits,2007-06,monthly,5392.000000,million_usd,official_provisional,bcra_monetary_variable_108,https://api.bcra.gob.ar/estadisticas/v4.0/Monetarias/108?offset=3000&limit=3000,6eba117d254bde7fc4b88f0064ff54b9fdd168a7653b1e3c8d83fdd3cc7a84d7,2026-09-03T01:17:59Z
bcra_private_nonfinancial_fx_deposits,2007-07,monthly,5593.000000,million_usd,official_provisional,bcra_monetary_variable_108,https://api.bcra.gob.ar/estadisticas/v4.0/Monetarias/108?offset=3000&limit=3000,6eba117d254bde7fc4b88f0064ff54b9fdd168a7653b1e3c8d83fdd3cc7a84d7,2026-09-03T01:17:59Z
bcra_private_nonfinancial_fx_deposits,2007-08,monthly,6142.000000,million_usd,official_provisional,bcra_monetary_variable_108,https://api.bcra.gob.ar/estadisticas/v4.0/Monetarias/108?offset=3000&limit=3000,6eba117d254bde7fc4b88f0064ff54b9fdd168a7653b1e3c8d83fdd3cc7a84d7,2026-09-03T01:17:59Z
bcra_private_nonfinancial_fx_deposits,2007-09,monthly,6344.000000,million_usd,official_provisional,bcra_monetary_variable_108,https://api.bcra.gob.ar/estadisticas/v4.0/Monetarias/108?offset=3000&limit=3000,6eba117d254bde7fc4b88f0064ff54b9fdd168a7653b1e3c8d83fdd3cc7a84d7,2026-09-03T01:17:59Z
bcra_private_nonfinancial_fx_deposits,2007-10,monthly,6490.000000,million_usd,official_provisional,bcra_monetary_variable_108,https://api.bcra.gob.ar/estadisticas/v4.0/Monetarias/108?offset=3000&limit=3000,6eba117d254bde7fc4b88f0064ff54b9fdd168a7653b1e3c8d83fdd3cc7a84d7,2026-09-03T01:17:59Z
bcra_private_nonfinancial_fx_deposits,2007-11,monthly,6635.000000,million_usd,official_provisional,bcra_monetary_variable_108,https://api.bcra.gob.ar/estadisticas/v4.0/Monetarias/108?offset=3000&limit=3000,6eba117d254bde7fc4b88f0064ff54b9fdd168a7653b1e3c8d83fdd3cc7a84d7,2026-09-03T01:17:59Z
bcra_private_nonfinancial_fx_deposits,2007-12,monthly,6754.000000,million_usd,official_provisional,bcra_monetary_variable_108,https://api.bcra.gob.ar/estadisticas/v4.0/Monetarias/108?offset=3000&limit=3000,6eba117d254bde7fc4b88f0064ff54b9fdd168a7653b1e3c8d83fdd3cc7a84d7,2026-09-03T01:17:59Z
bcra_private_nonfinancial_fx_deposits,2008-01,monthly,6789.000000,million_usd,official_provisional,bcra_monetary_variable_108,https://api.bcra.gob.ar/estadisticas/v4.0/Monetarias/108?offset=3000&limit=3000,6eba117d254bde7fc4b88f0064ff54b9fdd168a7653b1e3c8d83fdd3cc7a84d7,2026-09-03T01:17:59Z
bcra_private_nonfinancial_fx_deposits,2008-02,monthly,6869.000000,million_usd,official_provisional,bcra_monetary_variable_108,https://api.bcra.gob.ar/estadisticas/v4.0/Monetarias/108?offset=3000&limit=3000,6eba117d254bde7fc4b88f0064ff54b9fdd168a7653b1e3c8d83fdd3cc7a84d7,2026-09-03T01:17:59Z
bcra_private_nonfinancial_fx_deposits,2008-03,monthly,6901.000000,million_usd,official_provisional,bcra_monetary_variable_108,https://api.bcra.gob.ar/estadisticas/v4.0/Monetarias/108?offset=3000&limit=3000,6eba117d254bde7fc4b88f0064ff54b9fdd168a7653b1e3c8d83fdd3cc7a84d7,2026-09-03T01:17:59Z
bcra_private_nonfinancial_fx_deposits,2008-04,monthly,7113.000000,million_usd,official_provisional,bcra_monetary_variable_108,https://api.bcra.gob.ar/estadisticas/v4.0/Monetarias/108?offset=3000&limit=3000,6eba117d254bde7fc4b88f0064ff54b9fdd168a7653b1e3c8d83fdd3cc7a84d7,2026-09-03T01:17:59Z
bcra_private_nonfinancial_fx_deposits,2008-05,monthly,7042.000000,million_usd,official_provisional,bcra_monetary_variable_108,https://api.bcra.gob.ar/estadisticas/v4.0/Monetarias/108?offset=3000&limit=3000,6eba117d254bde7fc4b88f0064ff54b9fdd168a7653b1e3c8d83fdd3cc7a84d7,2026-09-03T01:17:59Z
bcra_private_nonfinancial_fx_deposits,2008-06,monthly,7134.000000,million_usd,official_provisional,bcra_monetary_variable_108,https://api.bcra.gob.ar/estadisticas/v4.0/Monetarias/108?offset=3000&limit=3000,6eba117d254bde7fc4b88f0064ff54b9fdd168a7653b1e3c8d83fdd3cc7a84d7,2026-09-03T01:17:59Z
bcra_private_nonfinancial_fx_deposits,2008-07,monthly,7208.000000,million_usd,official_provisional,bcra_monetary_variable_108,https://api.bcra.gob.ar/estadisticas/v4.0/Monetarias/108?offset=3000&limit=3000,6eba117d254bde7fc4b88f0064ff54b9fdd168a7653b1e3c8d83fdd3cc7a84d7,2026-09-03T01:17:59Z
bcra_private_nonfinancial_fx_deposits,2008-08,monthly,7458.000000,million_usd,official_provisional,bcra_monetary_variable_108,https://api.bcra.gob.ar/estadisticas/v4.0/Monetarias/108?offset=3000&limit=3000,6eba117d254bde7fc4b88f0064ff54b9fdd168a7653b1e3c8d83fdd3cc7a84d7,2026-09-03T01:17:59Z
bcra_private_nonfinancial_fx_deposits,2008-09,monthly,7704.000000,million_usd,official_provisional,bcra_monetary_variable_108,https://api.bcra.gob.ar/estadisticas/v4.0/Monetarias/108?offset=3000&limit=3000,6eba117d254bde7fc4b88f0064ff54b9fdd168a7653b1e3c8d83fdd3cc7a84d7,2026-09-03T01:17:59Z
bcra_private_nonfinancial_fx_deposits,2008-10,monthly,7875.000000,million_usd,official_provisional,bcra_monetary_variable_108,https://api.bcra.gob.ar/estadisticas/v4.0/Monetarias/108?offset=3000&limit=3000,6eba117d254bde7fc4b88f0064ff54b9fdd168a7653b1e3c8d83fdd3cc7a84d7,2026-09-03T01:17:59Z
bcra_private_nonfinancial_fx_deposits,2008-11,monthly,8195.000000,million_usd,official_provisional,bcra_monetary_variable_108,https://api.bcra.gob.ar/estadisticas/v4.0/Monetarias/108?offset=3000&limit=3000,6eba117d254bde7fc4b88f0064ff54b9fdd168a7653b1e3c8d83fdd3cc7a84d7,2026-09-03T01:17:59Z
bcra_private_nonfinancial_fx_deposits,2008-12,monthly,7973.000000,million_usd,official_provisional,bcra_monetary_variable_108,https://api.bcra.gob.ar/estadisticas/v4.0/Monetarias/108?offset=3000&limit=3000,6eba117d254bde7fc4b88f0064ff54b9fdd168a7653b1e3c8d83fdd3cc7a84d7,2026-09-03T01:17:59Z
bcra_private_nonfinancial_fx_deposits,2009-01,monthly,8162.000000,million_usd,official_provisional,bcra_monetary_variable_108,https://api.bcra.gob.ar/estadisticas/v4.0/Monetarias/108?offset=3000&limit=3000,6eba117d254bde7fc4b88f0064ff54b9fdd168a7653b1e3c8d83fdd3cc7a84d7,2026-09-03T01:17:59Z
bcra_private_nonfinancial_fx_deposits,2009-02,monthly,8442.000000,million_usd,official_provisional,bcra_monetary_variable_108,https://api.bcra.gob.ar/estadisticas/v4.0/Monetarias/108?offset=3000&limit=3000,6eba117d254bde7fc4b88f0064ff54b9fdd168a7653b1e3c8d83fdd3cc7a84d7,2026-09-03T01:17:59Z
bcra_private_nonfinancial_fx_deposits,2009-03,monthly,9053.000000,million_usd,official_provisional,bcra_monetary_variable_108,https://api.bcra.gob.ar/estadisticas/v4.0/Monetarias/108?offset=3000&limit=3000,6eba117d254bde7fc4b88f0064ff54b9fdd168a7653b1e3c8d83fdd3cc7a84d7,2026-09-03T01:17:59Z
bcra_private_nonfinancial_fx_deposits,2009-04,monthly,9319.000000,million_usd,official_provisional,bcra_monetary_variable_108,https://api.bcra.gob.ar/estadisticas/v4.0/Monetarias/108?offset=3000&limit=3000,6eba117d254bde7fc4b88f0064ff54b9fdd168a7653b1e3c8d83fdd3cc7a84d7,2026-09-03T01:17:59Z
bcra_private_nonfinancial_fx_deposits,2009-05,monthly,9380.000000,million_usd,official_provisional,bcra_monetary_variable_108,https://api.bcra.gob.ar/estadisticas/v4.0/Monetarias/108?offset=3000&limit=3000,6eba117d254bde7fc4b88f0064ff54b9fdd168a7653b1e3c8d83fdd3cc7a84d7,2026-09-03T01:17:59Z
bcra_private_nonfinancial_fx_deposits,2009-06,monthly,9519.000000,million_usd,official_provisional,bcra_monetary_variable_108,https://api.bcra.gob.ar/estadisticas/v4.0/Monetarias/108?offset=3000&limit=3000,6eba117d254bde7fc4b88f0064ff54b9fdd168a7653b1e3c8d83fdd3cc7a84d7,2026-09-03T01:17:59Z
bcra_private_nonfinancial_fx_deposits,2009-07,monthly,9666.000000,million_usd,official_provisional,bcra_monetary_variable_108,https://api.bcra.gob.ar/estadisticas/v4.0/Monetarias/108?offset=3000&limit=3000,6eba117d254bde7fc4b88f0064ff54b9fdd168a7653b1e3c8d83fdd3cc7a84d7,2026-09-03T01:17:59Z
bcra_private_nonfinancial_fx_deposits,2009-08,monthly,10185.000000,million_usd,official_provisional,bcra_monetary_variable_108,https://api.bcra.gob.ar/estadisticas/v4.0/Monetarias/108?offset=3000&limit=3000,6eba117d254bde7fc4b88f0064ff54b9fdd168a7653b1e3c8d83fdd3cc7a84d7,2026-09-03T01:17:59Z
bcra_private_nonfinancial_fx_deposits,2009-09,monthly,10188.000000,million_usd,official_provisional,bcra_monetary_variable_108,https://api.bcra.gob.ar/estadisticas/v4.0/Monetarias/108?offset=3000&limit=3000,6eba117d254bde7fc4b88f0064ff54b9fdd168a7653b1e3c8d83fdd3cc7a84d7,2026-09-03T01:17:59Z
bcra_private_nonfinancial_fx_deposits,2009-10,monthly,10075.000000,million_usd,official_provisional,bcra_monetary_variable_108,https://api.bcra.gob.ar/estadisticas/v4.0/Monetarias/108?offset=3000&limit=3000,6eba117d254bde7fc4b88f0064ff54b9fdd168a7653b1e3c8d83fdd3cc7a84d7,2026-09-03T01:17:59Z
bcra_private_nonfinancial_fx_deposits,2009-11,monthly,9964.000000,million_usd,official_provisional,bcra_monetary_variable_108,https://api.bcra.gob.ar/estadisticas/v4.0/Monetarias/108?offset=3000&limit=3000,6eba117d254bde7fc4b88f0064ff54b9fdd168a7653b1e3c8d83fdd3cc7a84d7,2026-09-03T01:17:59Z
bcra_private_nonfinancial_fx_deposits,2009-12,monthly,10184.000000,million_usd,official_provisional,bcra_monetary_variable_108,https://api.bcra.gob.ar/estadisticas/v4.0/Monetarias/108?offset=3000&limit=3000,6eba117d254bde7fc4b88f0064ff54b9fdd168a7653b1e3c8d83fdd3cc7a84d7,2026-09-03T01:17:59Z
bcra_private_nonfinancial_fx_deposits,2010-01,monthly,10014.000000,million_usd,official_provisional,bcra_monetary_variable_108,https://api.bcra.gob.ar/estadisticas/v4.0/Monetarias/108?offset=3000&limit=3000,6eba117d254bde7fc4b88f0064ff54b9fdd168a7653b1e3c8d83fdd3cc7a84d7,2026-09-03T01:17:59Z
bcra_private_nonfinancial_fx_deposits,2010-02,monthly,10093.000000,million_usd,official_provisional,bcra_monetary_variable_108,https://api.bcra.gob.ar/estadisticas/v4.0/Monetarias/108?offset=3000&limit=3000,6eba117d254bde7fc4b88f0064ff54b9fdd168a7653b1e3c8d83fdd3cc7a84d7,2026-09-03T01:17:59Z
bcra_private_nonfinancial_fx_deposits,2010-03,monthly,10226.000000,million_usd,official_provisional,bcra_monetary_variable_108,https://api.bcra.gob.ar/estadisticas/v4.0/Monetarias/108?offset=3000&limit=3000,6eba117d254bde7fc4b88f0064ff54b9fdd168a7653b1e3c8d83fdd3cc7a84d7,2026-09-03T01:17:59Z
bcra_private_nonfinancial_fx_deposits,2010-04,monthly,10454.000000,million_usd,official_provisional,bcra_monetary_variable_108,https://api.bcra.gob.ar/estadisticas/v4.0/Monetarias/108?offset=3000&limit=3000,6eba117d254bde7fc4b88f0064ff54b9fdd168a7653b1e3c8d83fdd3cc7a84d7,2026-09-03T01:17:59Z
bcra_private_nonfinancial_fx_deposits,2010-05,monthly,10628.000000,million_usd,official_provisional,bcra_monetary_variable_108,https://api.bcra.gob.ar/estadisticas/v4.0/Monetarias/108?offset=3000&limit=3000,6eba117d254bde7fc4b88f0064ff54b9fdd168a7653b1e3c8d83fdd3cc7a84d7,2026-09-03T01:17:59Z
bcra_private_nonfinancial_fx_deposits,2010-06,monthly,10816.000000,million_usd,official_provisional,bcra_monetary_variable_108,https://api.bcra.gob.ar/estadisticas/v4.0/Monetarias/108?offset=3000&limit=3000,6eba117d254bde7fc4b88f0064ff54b9fdd168a7653b1e3c8d83fdd3cc7a84d7,2026-09-03T01:17:59Z
bcra_private_nonfinancial_fx_deposits,2010-07,monthly,10956.000000,million_usd,official_provisional,bcra_monetary_variable_108,https://api.bcra.gob.ar/estadisticas/v4.0/Monetarias/108?offset=3000&limit=3000,6eba117d254bde7fc4b88f0064ff54b9fdd168a7653b1e3c8d83fdd3cc7a84d7,2026-09-03T01:17:59Z
bcra_private_nonfinancial_fx_deposits,2010-08,monthly,11237.000000,million_usd,official_provisional,bcra_monetary_variable_108,https://api.bcra.gob.ar/estadisticas/v4.0/Monetarias/108?offset=3000&limit=3000,6eba117d254bde7fc4b88f0064ff54b9fdd168a7653b1e3c8d83fdd3cc7a84d7,2026-09-03T01:17:59Z
bcra_private_nonfinancial_fx_deposits,2010-09,monthly,11288.000000,million_usd,official_provisional,bcra_monetary_variable_108,https://api.bcra.gob.ar/estadisticas/v4.0/Monetarias/108?offset=3000&limit=3000,6eba117d254bde7fc4b88f0064ff54b9fdd168a7653b1e3c8d83fdd3cc7a84d7,2026-09-03T01:17:59Z
bcra_private_nonfinancial_fx_deposits,2010-10,monthly,11305.000000,million_usd,official_provisional,bcra_monetary_variable_108,https://api.bcra.gob.ar/estadisticas/v4.0/Monetarias/108?offset=3000&limit=3000,6eba117d254bde7fc4b88f0064ff54b9fdd168a7653b1e3c8d83fdd3cc7a84d7,2026-09-03T01:17:59Z
bcra_private_nonfinancial_fx_deposits,2010-11,monthly,11440.000000,million_usd,official_provisional,bcra_monetary_variable_108,https://api.bcra.gob.ar/estadisticas/v4.0/Monetarias/108?offset=3000&limit=3000,6eba117d254bde7fc4b88f0064ff54b9fdd168a7653b1e3c8d83fdd3cc7a84d7,2026-09-03T01:17:59Z
bcra_private_nonfinancial_fx_deposits,2010-12,monthly,11727.000000,million_usd,official_provisional,bcra_monetary_variable_108,https://api.bcra.gob.ar/estadisticas/v4.0/Monetarias/108?offset=3000&limit=3000,6eba117d254bde7fc4b88f0064ff54b9fdd168a7653b1e3c8d83fdd3cc7a84d7,2026-09-03T01:17:59Z
bcra_private_nonfinancial_fx_deposits,2011-01,monthly,11731.000000,million_usd,official_provisional,bcra_monetary_variable_108,https://api.bcra.gob.ar/estadisticas/v4.0/Monetarias/108?offset=3000&limit=3000,6eba117d254bde7fc4b88f0064ff54b9fdd168a7653b1e3c8d83fdd3cc7a84d7,2026-09-03T01:17:59Z
bcra_private_nonfinancial_fx_deposits,2011-02,monthly,12006.000000,million_usd,official_provisional,bcra_monetary_variable_108,https://api.bcra.gob.ar/estadisticas/v4.0/Monetarias/108?offset=3000&limit=3000,6eba117d254bde7fc4b88f0064ff54b9fdd168a7653b1e3c8d83fdd3cc7a84d7,2026-09-03T01:17:59Z
bcra_private_nonfinancial_fx_deposits,2011-03,monthly,12251.000000,million_usd,official_provisional,bcra_monetary_variable_108,https://api.bcra.gob.ar/estadisticas/v4.0/Monetarias/108?offset=3000&limit=3000,6eba117d254bde7fc4b88f0064ff54b9fdd168a7653b1e3c8d83fdd3cc7a84d7,2026-09-03T01:17:59Z
bcra_private_nonfinancial_fx_deposits,2011-04,monthly,12508.000000,million_usd,official_provisional,bcra_monetary_variable_108,https://api.bcra.gob.ar/estadisticas/v4.0/Monetarias/108?offset=3000&limit=3000,6eba117d254bde7fc4b88f0064ff54b9fdd168a7653b1e3c8d83fdd3cc7a84d7,2026-09-03T01:17:59Z
bcra_private_nonfinancial_fx_deposits,2011-05,monthly,12833.000000,million_usd,official_provisional,bcra_monetary_variable_108,https://api.bcra.gob.ar/estadisticas/v4.0/Monetarias/108?offset=3000&limit=3000,6eba117d254bde7fc4b88f0064ff54b9fdd168a7653b1e3c8d83fdd3cc7a84d7,2026-09-03T01:17:59Z
bcra_private_nonfinancial_fx_deposits,2011-06,monthly,13249.000000,million_usd,official_provisional,bcra_monetary_variable_108,https://api.bcra.gob.ar/estadisticas/v4.0/Monetarias/108?offset=3000&limit=3000,6eba117d254bde7fc4b88f0064ff54b9fdd168a7653b1e3c8d83fdd3cc7a84d7,2026-09-03T01:17:59Z
bcra_private_nonfinancial_fx_deposits,2011-07,monthly,13447.000000,million_usd,official_provisional,bcra_monetary_variable_108,https://api.bcra.gob.ar/estadisticas/v4.0/Monetarias/108?offset=3000&limit=3000,6eba117d254bde7fc4b88f0064ff54b9fdd168a7653b1e3c8d83fdd3cc7a84d7,2026-09-03T01:17:59Z
bcra_private_nonfinancial_fx_deposits,2011-08,monthly,14089.000000,million_usd,official_provisional,bcra_monetary_variable_108,https://api.bcra.gob.ar/estadisticas/v4.0/Monetarias/108?offset=3000&limit=3000,6eba117d254bde7fc4b88f0064ff54b9fdd168a7653b1e3c8d83fdd3cc7a84d7,2026-09-03T01:17:59Z
bcra_private_nonfinancial_fx_deposits,2011-09,monthly,14594.000000,million_usd,official_provisional,bcra_monetary_variable_108,https://api.bcra.gob.ar/estadisticas/v4.0/Monetarias/108?offset=3000&limit=3000,6eba117d254bde7fc4b88f0064ff54b9fdd168a7653b1e3c8d83fdd3cc7a84d7,2026-09-03T01:17:59Z
bcra_private_nonfinancial_fx_deposits,2011-10,monthly,14754.000000,million_usd,official_provisional,bcra_monetary_variable_108,https://api.bcra.gob.ar/estadisticas/v4.0/Monetarias/108?offset=3000&limit=3000,6eba117d254bde7fc4b88f0064ff54b9fdd168a7653b1e3c8d83fdd3cc7a84d7,2026-09-03T01:17:59Z
bcra_private_nonfinancial_fx_deposits,2011-11,monthly,12168.000000,million_usd,official_provisional,bcra_monetary_variable_108,https://api.bcra.gob.ar/estadisticas/v4.0/Monetarias/108?offset=3000&limit=3000,6eba117d254bde7fc4b88f0064ff54b9fdd168a7653b1e3c8d83fdd3cc7a84d7,2026-09-03T01:17:59Z
bcra_private_nonfinancial_fx_deposits,2011-12,monthly,12177.000000,million_usd,official_provisional,bcra_monetary_variable_108,https://api.bcra.gob.ar/estadisticas/v4.0/Monetarias/108?offset=3000&limit=3000,6eba117d254bde7fc4b88f0064ff54b9fdd168a7653b1e3c8d83fdd3cc7a84d7,2026-09-03T01:17:59Z
bcra_private_nonfinancial_fx_deposits,2012-01,monthly,12043.000000,million_usd,official_provisional,bcra_monetary_variable_108,https://api.bcra.gob.ar/estadisticas/v4.0/Monetarias/108?offset=3000&limit=3000,6eba117d254bde7fc4b88f0064ff54b9fdd168a7653b1e3c8d83fdd3cc7a84d7,2026-09-03T01:17:59Z
bcra_private_nonfinancial_fx_deposits,2012-02,monthly,11974.000000,million_usd,official_provisional,bcra_monetary_variable_108,https://api.bcra.gob.ar/estadisticas/v4.0/Monetarias/108?offset=3000&limit=3000,6eba117d254bde7fc4b88f0064ff54b9fdd168a7653b1e3c8d83fdd3cc7a84d7,2026-09-03T01:17:59Z
bcra_private_nonfinancial_fx_deposits,2012-03,monthly,11882.000000,million_usd,official_provisional,bcra_monetary_variable_108,https://api.bcra.gob.ar/estadisticas/v4.0/Monetarias/108?offset=3000&limit=3000,6eba117d254bde7fc4b88f0064ff54b9fdd168a7653b1e3c8d83fdd3cc7a84d7,2026-09-03T01:17:59Z
bcra_private_nonfinancial_fx_deposits,2012-04,monthly,11875.000000,million_usd,official_provisional,bcra_monetary_variable_108,https://api.bcra.gob.ar/estadisticas/v4.0/Monetarias/108?offset=3000&limit=3000,6eba117d254bde7fc4b88f0064ff54b9fdd168a7653b1e3c8d83fdd3cc7a84d7,2026-09-03T01:17:59Z
bcra_private_nonfinancial_fx_deposits,2012-05,monthly,10606.000000,million_usd,official_provisional,bcra_monetary_variable_108,https://api.bcra.gob.ar/estadisticas/v4.0/Monetarias/108?offset=3000&limit=3000,6eba117d254bde7fc4b88f0064ff54b9fdd168a7653b1e3c8d83fdd3cc7a84d7,2026-09-03T01:17:59Z
bcra_private_nonfinancial_fx_deposits,2012-06,monthly,9000.000000,million_usd,official_provisional,bcra_monetary_variable_108,https://api.bcra.gob.ar/estadisticas/v4.0/Monetarias/108?offset=3000&limit=3000,6eba117d254bde7fc4b88f0064ff54b9fdd168a7653b1e3c8d83fdd3cc7a84d7,2026-09-03T01:17:59Z
bcra_private_nonfinancial_fx_deposits,2012-07,monthly,8379.000000,million_usd,official_provisional,bcra_monetary_variable_108,https://api.bcra.gob.ar/estadisticas/v4.0/Monetarias/108?offset=3000&limit=3000,6eba117d254bde7fc4b88f0064ff54b9fdd168a7653b1e3c8d83fdd3cc7a84d7,2026-09-03T01:17:59Z
bcra_private_nonfinancial_fx_deposits,2012-08,monthly,8215.000000,million_usd,official_provisional,bcra_monetary_variable_108,https://api.bcra.gob.ar/estadisticas/v4.0/Monetarias/108?offset=3000&limit=3000,6eba117d254bde7fc4b88f0064ff54b9fdd168a7653b1e3c8d83fdd3cc7a84d7,2026-09-03T01:17:59Z
bcra_private_nonfinancial_fx_deposits,2012-09,monthly,8020.000000,million_usd,official_provisional,bcra_monetary_variable_108,https://api.bcra.gob.ar/estadisticas/v4.0/Monetarias/108?offset=3000&limit=3000,6eba117d254bde7fc4b88f0064ff54b9fdd168a7653b1e3c8d83fdd3cc7a84d7,2026-09-03T01:17:59Z
bcra_private_nonfinancial_fx_deposits,2012-10,monthly,7876.000000,million_usd,official_provisional,bcra_monetary_variable_108,https://api.bcra.gob.ar/estadisticas/v4.0/Monetarias/108?offset=3000&limit=3000,6eba117d254bde7fc4b88f0064ff54b9fdd168a7653b1e3c8d83fdd3cc7a84d7,2026-09-03T01:17:59Z
bcra_private_nonfinancial_fx_deposits,2012-11,monthly,7720.000000,million_usd,official_provisional,bcra_monetary_variable_108,https://api.bcra.gob.ar/estadisticas/v4.0/Monetarias/108?offset=3000&limit=3000,6eba117d254bde7fc4b88f0064ff54b9fdd168a7653b1e3c8d83fdd3cc7a84d7,2026-09-03T01:17:59Z
bcra_private_nonfinancial_fx_deposits,2012-12,monthly,7952.000000,million_usd,official_provisional,bcra_monetary_variable_108,https://api.bcra.gob.ar/estadisticas/v4.0/Monetarias/108?offset=3000&limit=3000,6eba117d254bde7fc4b88f0064ff54b9fdd168a7653b1e3c8d83fdd3cc7a84d7,2026-09-03T01:17:59Z
bcra_private_nonfinancial_fx_deposits,2013-01,monthly,7635.000000,million_usd,official_provisional,bcra_monetary_variable_108,https://api.bcra.gob.ar/estadisticas/v4.0/Monetarias/108?offset=3000&limit=3000,6eba117d254bde7fc4b88f0064ff54b9fdd168a7653b1e3c8d83fdd3cc7a84d7,2026-09-03T01:17:59Z
bcra_private_nonfinancial_fx_deposits,2013-02,monthly,7457.000000,million_usd,official_provisional,bcra_monetary_variable_108,https://api.bcra.gob.ar/estadisticas/v4.0/Monetarias/108?offset=3000&limit=3000,6eba117d254bde7fc4b88f0064ff54b9fdd168a7653b1e3c8d83fdd3cc7a84d7,2026-09-03T01:17:59Z
bcra_private_nonfinancial_fx_deposits,2013-03,monthly,7291.000000,million_usd,official_provisional,bcra_monetary_variable_108,https://api.bcra.gob.ar/estadisticas/v4.0/Monetarias/108?offset=3000&limit=3000,6eba117d254bde7fc4b88f0064ff54b9fdd168a7653b1e3c8d83fdd3cc7a84d7,2026-09-03T01:17:59Z
bcra_private_nonfinancial_fx_deposits,2013-04,monthly,7286.000000,million_usd,official_provisional,bcra_monetary_variable_108,https://api.bcra.gob.ar/estadisticas/v4.0/Monetarias/108?offset=3000&limit=3000,6eba117d254bde7fc4b88f0064ff54b9fdd168a7653b1e3c8d83fdd3cc7a84d7,2026-09-03T01:17:59Z
bcra_private_nonfinancial_fx_deposits,2013-05,monthly,7049.000000,million_usd,official_provisional,bcra_monetary_variable_108,https://api.bcra.gob.ar/estadisticas/v4.0/Monetarias/108?offset=3000&limit=3000,6eba117d254bde7fc4b88f0064ff54b9fdd168a7653b1e3c8d83fdd3cc7a84d7,2026-09-03T01:17:59Z
bcra_private_nonfinancial_fx_deposits,2013-06,monthly,6939.000000,million_usd,official_provisional,bcra_monetary_variable_108,https://api.bcra.gob.ar/estadisticas/v4.0/Monetarias/108?offset=3000&limit=3000,6eba117d254bde7fc4b88f0064ff54b9fdd168a7653b1e3c8d83fdd3cc7a84d7,2026-09-03T01:17:59Z
bcra_private_nonfinancial_fx_deposits,2013-07,monthly,6855.000000,million_usd,official_provisional,bcra_monetary_variable_108,https://api.bcra.gob.ar/estadisticas/v4.0/Monetarias/108?offset=3000&limit=3000,6eba117d254bde7fc4b88f0064ff54b9fdd168a7653b1e3c8d83fdd3cc7a84d7,2026-09-03T01:17:59Z
bcra_private_nonfinancial_fx_deposits,2013-08,monthly,6722.000000,million_usd,official_provisional,bcra_monetary_variable_108,https://api.bcra.gob.ar/estadisticas/v4.0/Monetarias/108?offset=3000&limit=3000,6eba117d254bde7fc4b88f0064ff54b9fdd168a7653b1e3c8d83fdd3cc7a84d7,2026-09-03T01:17:59Z
bcra_private_nonfinancial_fx_deposits,2013-09,monthly,6814.000000,million_usd,official_provisional,bcra_monetary_variable_108,https://api.bcra.gob.ar/estadisticas/v4.0/Monetarias/108?offset=3000&limit=3000,6eba117d254bde7fc4b88f0064ff54b9fdd168a7653b1e3c8d83fdd3cc7a84d7,2026-09-03T01:17:59Z
bcra_private_nonfinancial_fx_deposits,2013-10,monthly,6743.000000,million_usd,official_provisional,bcra_monetary_variable_108,https://api.bcra.gob.ar/estadisticas/v4.0/Monetarias/108?offset=3000&limit=3000,6eba117d254bde7fc4b88f0064ff54b9fdd168a7653b1e3c8d83fdd3cc7a84d7,2026-09-03T01:17:59Z
bcra_private_nonfinancial_fx_deposits,2013-11,monthly,6664.000000,million_usd,official_provisional,bcra_monetary_variable_108,https://api.bcra.gob.ar/estadisticas/v4.0/Monetarias/108?offset=3000&limit=3000,6eba117d254bde7fc4b88f0064ff54b9fdd168a7653b1e3c8d83fdd3cc7a84d7,2026-09-03T01:17:59Z
bcra_private_nonfinancial_fx_deposits,2013-12,monthly,6915.000000,million_usd,official_provisional,bcra_monetary_variable_108,https://api.bcra.gob.ar/estadisticas/v4.0/Monetarias/108?offset=3000&limit=3000,6eba117d254bde7fc4b88f0064ff54b9fdd168a7653b1e3c8d83fdd3cc7a84d7,2026-09-03T01:17:59Z
bcra_private_nonfinancial_fx_deposits,2014-01,monthly,7188.000000,million_usd,official_provisional,bcra_monetary_variable_108,https://api.bcra.gob.ar/estadisticas/v4.0/Monetarias/108?offset=3000&limit=3000,6eba117d254bde7fc4b88f0064ff54b9fdd168a7653b1e3c8d83fdd3cc7a84d7,2026-09-03T01:17:59Z
bcra_private_nonfinancial_fx_deposits,2014-02,monthly,7099.000000,million_usd,official_provisional,bcra_monetary_variable_108,https://api.bcra.gob.ar/estadisticas/v4.0/Monetarias/108?offset=3000&limit=3000,6eba117d254bde7fc4b88f0064ff54b9fdd168a7653b1e3c8d83fdd3cc7a84d7,2026-09-03T01:17:59Z
bcra_private_nonfinancial_fx_deposits,2014-03,monthly,6680.000000,million_usd,official_provisional,bcra_monetary_variable_108,https://api.bcra.gob.ar/estadisticas/v4.0/Monetarias/108?offset=3000&limit=3000,6eba117d254bde7fc4b88f0064ff54b9fdd168a7653b1e3c8d83fdd3cc7a84d7,2026-09-03T01:17:59Z
bcra_private_nonfinancial_fx_deposits,2014-04,monthly,6609.000000,million_usd,official_provisional,bcra_monetary_variable_108,https://api.bcra.gob.ar/estadisticas/v4.0/Monetarias/108?offset=0&limit=3000,82c2dcf02a9ad94520e47d82ab9ff04d529422be2f3fa103a1c020905f508a96,2026-09-03T01:17:57Z
bcra_private_nonfinancial_fx_deposits,2014-05,monthly,7119.000000,million_usd,official_provisional,bcra_monetary_variable_108,https://api.bcra.gob.ar/estadisticas/v4.0/Monetarias/108?offset=0&limit=3000,82c2dcf02a9ad94520e47d82ab9ff04d529422be2f3fa103a1c020905f508a96,2026-09-03T01:17:57Z
bcra_private_nonfinancial_fx_deposits,2014-06,monthly,7057.000000,million_usd,official_provisional,bcra_monetary_variable_108,https://api.bcra.gob.ar/estadisticas/v4.0/Monetarias/108?offset=0&limit=3000,82c2dcf02a9ad94520e47d82ab9ff04d529422be2f3fa103a1c020905f508a96,2026-09-03T01:17:57Z
bcra_private_nonfinancial_fx_deposits,2014-07,monthly,6993.000000,million_usd,official_provisional,bcra_monetary_variable_108,https://api.bcra.gob.ar/estadisticas/v4.0/Monetarias/108?offset=0&limit=3000,82c2dcf02a9ad94520e47d82ab9ff04d529422be2f3fa103a1c020905f508a96,2026-09-03T01:17:57Z
bcra_private_nonfinancial_fx_deposits,2014-08,monthly,6968.000000,million_usd,official_provisional,bcra_monetary_variable_108,https://api.bcra.gob.ar/estadisticas/v4.0/Monetarias/108?offset=0&limit=3000,82c2dcf02a9ad94520e47d82ab9ff04d529422be2f3fa103a1c020905f508a96,2026-09-03T01:17:57Z
bcra_private_nonfinancial_fx_deposits,2014-09,monthly,6957.000000,million_usd,official_provisional,bcra_monetary_variable_108,https://api.bcra.gob.ar/estadisticas/v4.0/Monetarias/108?offset=0&limit=3000,82c2dcf02a9ad94520e47d82ab9ff04d529422be2f3fa103a1c020905f508a96,2026-09-03T01:17:57Z
bcra_private_nonfinancial_fx_deposits,2014-10,monthly,7053.000000,million_usd,official_provisional,bcra_monetary_variable_108,https://api.bcra.gob.ar/estadisticas/v4.0/Monetarias/108?offset=0&limit=3000,82c2dcf02a9ad94520e47d82ab9ff04d529422be2f3fa103a1c020905f508a96,2026-09-03T01:17:57Z
bcra_private_nonfinancial_fx_deposits,2014-11,monthly,7076.000000,million_usd,official_provisional,bcra_monetary_variable_108,https://api.bcra.gob.ar/estadisticas/v4.0/Monetarias/108?offset=0&limit=3000,82c2dcf02a9ad94520e47d82ab9ff04d529422be2f3fa103a1c020905f508a96,2026-09-03T01:17:57Z
bcra_private_nonfinancial_fx_deposits,2014-12,monthly,7460.000000,million_usd,official_provisional,bcra_monetary_variable_108,https://api.bcra.gob.ar/estadisticas/v4.0/Monetarias/108?offset=0&limit=3000,82c2dcf02a9ad94520e47d82ab9ff04d529422be2f3fa103a1c020905f508a96,2026-09-03T01:17:57Z
bcra_private_nonfinancial_fx_deposits,2015-01,monthly,7345.000000,million_usd,official_provisional,bcra_monetary_variable_108,https://api.bcra.gob.ar/estadisticas/v4.0/Monetarias/108?offset=0&limit=3000,82c2dcf02a9ad94520e47d82ab9ff04d529422be2f3fa103a1c020905f508a96,2026-09-03T01:17:57Z
bcra_private_nonfinancial_fx_deposits,2015-02,monthly,7827.000000,million_usd,official_provisional,bcra_monetary_variable_108,https://api.bcra.gob.ar/estadisticas/v4.0/Monetarias/108?offset=0&limit=3000,82c2dcf02a9ad94520e47d82ab9ff04d529422be2f3fa103a1c020905f508a96,2026-09-03T01:17:57Z
bcra_private_nonfinancial_fx_deposits,2015-03,monthly,7772.000000,million_usd,official_provisional,bcra_monetary_variable_108,https://api.bcra.gob.ar/estadisticas/v4.0/Monetarias/108?offset=0&limit=3000,82c2dcf02a9ad94520e47d82ab9ff04d529422be2f3fa103a1c020905f508a96,2026-09-03T01:17:57Z
bcra_private_nonfinancial_fx_deposits,2015-04,monthly,8304.000000,million_usd,official_provisional,bcra_monetary_variable_108,https://api.bcra.gob.ar/estadisticas/v4.0/Monetarias/108?offset=0&limit=3000,82c2dcf02a9ad94520e47d82ab9ff04d529422be2f3fa103a1c020905f508a96,2026-09-03T01:17:57Z
bcra_private_nonfinancial_fx_deposits,2015-05,monthly,8039.000000,million_usd,official_provisional,bcra_monetary_variable_108,https://api.bcra.gob.ar/estadisticas/v4.0/Monetarias/108?offset=0&limit=3000,82c2dcf02a9ad94520e47d82ab9ff04d529422be2f3fa103a1c020905f508a96,2026-09-03T01:17:57Z
bcra_private_nonfinancial_fx_deposits,2015-06,monthly,7973.000000,million_usd,official_provisional,bcra_monetary_variable_108,https://api.bcra.gob.ar/estadisticas/v4.0/Monetarias/108?offset=0&limit=3000,82c2dcf02a9ad94520e47d82ab9ff04d529422be2f3fa103a1c020905f508a96,2026-09-03T01:17:57Z
bcra_private_nonfinancial_fx_deposits,2015-07,monthly,8106.000000,million_usd,official_provisional,bcra_monetary_variable_108,https://api.bcra.gob.ar/estadisticas/v4.0/Monetarias/108?offset=0&limit=3000,82c2dcf02a9ad94520e47d82ab9ff04d529422be2f3fa103a1c020905f508a96,2026-09-03T01:17:57Z
bcra_private_nonfinancial_fx_deposits,2015-08,monthly,8170.000000,million_usd,official_provisional,bcra_monetary_variable_108,https://api.bcra.gob.ar/estadisticas/v4.0/Monetarias/108?offset=0&limit=3000,82c2dcf02a9ad94520e47d82ab9ff04d529422be2f3fa103a1c020905f508a96,2026-09-03T01:17:57Z
bcra_private_nonfinancial_fx_deposits,2015-09,monthly,8126.000000,million_usd,official_provisional,bcra_monetary_variable_108,https://api.bcra.gob.ar/estadisticas/v4.0/Monetarias/108?offset=0&limit=3000,82c2dcf02a9ad94520e47d82ab9ff04d529422be2f3fa103a1c020905f508a96,2026-09-03T01:17:57Z
bcra_private_nonfinancial_fx_deposits,2015-10,monthly,8938.000000,million_usd,official_provisional,bcra_monetary_variable_108,https://api.bcra.gob.ar/estadisticas/v4.0/Monetarias/108?offset=0&limit=3000,82c2dcf02a9ad94520e47d82ab9ff04d529422be2f3fa103a1c020905f508a96,2026-09-03T01:17:57Z
bcra_private_nonfinancial_fx_deposits,2015-11,monthly,8865.000000,million_usd,official_provisional,bcra_monetary_variable_108,https://api.bcra.gob.ar/estadisticas/v4.0/Monetarias/108?offset=0&limit=3000,82c2dcf02a9ad94520e47d82ab9ff04d529422be2f3fa103a1c020905f508a96,2026-09-03T01:17:57Z
bcra_private_nonfinancial_fx_deposits,2015-12,monthly,10622.000000,million_usd,official_provisional,bcra_monetary_variable_108,https://api.bcra.gob.ar/estadisticas/v4.0/Monetarias/108?offset=0&limit=3000,82c2dcf02a9ad94520e47d82ab9ff04d529422be2f3fa103a1c020905f508a96,2026-09-03T01:17:57Z
bcra_private_nonfinancial_fx_deposits,2016-01,monthly,11152.000000,million_usd,official_provisional,bcra_monetary_variable_108,https://api.bcra.gob.ar/estadisticas/v4.0/Monetarias/108?offset=0&limit=3000,82c2dcf02a9ad94520e47d82ab9ff04d529422be2f3fa103a1c020905f508a96,2026-09-03T01:17:57Z
bcra_private_nonfinancial_fx_deposits,2016-02,monthly,11445.000000,million_usd,official_provisional,bcra_monetary_variable_108,https://api.bcra.gob.ar/estadisticas/v4.0/Monetarias/108?offset=0&limit=3000,82c2dcf02a9ad94520e47d82ab9ff04d529422be2f3fa103a1c020905f508a96,2026-09-03T01:17:57Z
bcra_private_nonfinancial_fx_deposits,2016-03,monthly,11828.000000,million_usd,official_provisional,bcra_monetary_variable_108,https://api.bcra.gob.ar/estadisticas/v4.0/Monetarias/108?offset=0&limit=3000,82c2dcf02a9ad94520e47d82ab9ff04d529422be2f3fa103a1c020905f508a96,2026-09-03T01:17:57Z
bcra_private_nonfinancial_fx_deposits,2016-04,monthly,11769.000000,million_usd,official_provisional,bcra_monetary_variable_108,https://api.bcra.gob.ar/estadisticas/v4.0/Monetarias/108?offset=0&limit=3000,82c2dcf02a9ad94520e47d82ab9ff04d529422be2f3fa103a1c020905f508a96,2026-09-03T01:17:57Z
bcra_private_nonfinancial_fx_deposits,2016-05,monthly,11735.000000,million_usd,official_provisional,bcra_monetary_variable_108,https://api.bcra.gob.ar/estadisticas/v4.0/Monetarias/108?offset=0&limit=3000,82c2dcf02a9ad94520e47d82ab9ff04d529422be2f3fa103a1c020905f508a96,2026-09-03T01:17:57Z
bcra_private_nonfinancial_fx_deposits,2016-06,monthly,11962.000000,million_usd,official_provisional,bcra_monetary_variable_108,https://api.bcra.gob.ar/estadisticas/v4.0/Monetarias/108?offset=0&limit=3000,82c2dcf02a9ad94520e47d82ab9ff04d529422be2f3fa103a1c020905f508a96,2026-09-03T01:17:57Z
bcra_private_nonfinancial_fx_deposits,2016-07,monthly,12313.000000,million_usd,official_provisional,bcra_monetary_variable_108,https://api.bcra.gob.ar/estadisticas/v4.0/Monetarias/108?offset=0&limit=3000,82c2dcf02a9ad94520e47d82ab9ff04d529422be2f3fa103a1c020905f508a96,2026-09-03T01:17:57Z
bcra_private_nonfinancial_fx_deposits,2016-08,monthly,12690.000000,million_usd,official_provisional,bcra_monetary_variable_108,https://api.bcra.gob.ar/estadisticas/v4.0/Monetarias/108?offset=0&limit=3000,82c2dcf02a9ad94520e47d82ab9ff04d529422be2f3fa103a1c020905f508a96,2026-09-03T01:17:57Z
bcra_private_nonfinancial_fx_deposits,2016-09,monthly,13206.000000,million_usd,official_provisional,bcra_monetary_variable_108,https://api.bcra.gob.ar/estadisticas/v4.0/Monetarias/108?offset=0&limit=3000,82c2dcf02a9ad94520e47d82ab9ff04d529422be2f3fa103a1c020905f508a96,2026-09-03T01:17:57Z
bcra_private_nonfinancial_fx_deposits,2016-10,monthly,16691.000000,million_usd,official_provisional,bcra_monetary_variable_108,https://api.bcra.gob.ar/estadisticas/v4.0/Monetarias/108?offset=0&limit=3000,82c2dcf02a9ad94520e47d82ab9ff04d529422be2f3fa103a1c020905f508a96,2026-09-03T01:17:57Z
bcra_private_nonfinancial_fx_deposits,2016-11,monthly,20792.000000,million_usd,official_provisional,bcra_monetary_variable_108,https://api.bcra.gob.ar/estadisticas/v4.0/Monetarias/108?offset=0&limit=3000,82c2dcf02a9ad94520e47d82ab9ff04d529422be2f3fa103a1c020905f508a96,2026-09-03T01:17:57Z
bcra_private_nonfinancial_fx_deposits,2016-12,monthly,22464.000000,million_usd,official_provisional,bcra_monetary_variable_108,https://api.bcra.gob.ar/estadisticas/v4.0/Monetarias/108?offset=0&limit=3000,82c2dcf02a9ad94520e47d82ab9ff04d529422be2f3fa103a1c020905f508a96,2026-09-03T01:17:57Z
bcra_private_nonfinancial_fx_deposits,2017-01,monthly,22561.000000,million_usd,official_provisional,bcra_monetary_variable_108,https://api.bcra.gob.ar/estadisticas/v4.0/Monetarias/108?offset=0&limit=3000,82c2dcf02a9ad94520e47d82ab9ff04d529422be2f3fa103a1c020905f508a96,2026-09-03T01:17:57Z
bcra_private_nonfinancial_fx_deposits,2017-02,monthly,22977.000000,million_usd,official_provisional,bcra_monetary_variable_108,https://api.bcra.gob.ar/estadisticas/v4.0/Monetarias/108?offset=0&limit=3000,82c2dcf02a9ad94520e47d82ab9ff04d529422be2f3fa103a1c020905f508a96,2026-09-03T01:17:57Z
bcra_private_nonfinancial_fx_deposits,2017-03,monthly,23368.000000,million_usd,official_provisional,bcra_monetary_variable_108,https://api.bcra.gob.ar/estadisticas/v4.0/Monetarias/108?offset=0&limit=3000,82c2dcf02a9ad94520e47d82ab9ff04d529422be2f3fa103a1c020905f508a96,2026-09-03T01:17:57Z
bcra_private_nonfinancial_fx_deposits,2017-04,monthly,24262.000000,million_usd,official_provisional,bcra_monetary_variable_108,https://api.bcra.gob.ar/estadisticas/v4.0/Monetarias/108?offset=0&limit=3000,82c2dcf02a9ad94520e47d82ab9ff04d529422be2f3fa103a1c020905f508a96,2026-09-03T01:17:57Z
bcra_private_nonfinancial_fx_deposits,2017-05,monthly,23091.000000,million_usd,official_provisional,bcra_monetary_variable_108,https://api.bcra.gob.ar/estadisticas/v4.0/Monetarias/108?offset=0&limit=3000,82c2dcf02a9ad94520e47d82ab9ff04d529422be2f3fa103a1c020905f508a96,2026-09-03T01:17:57Z
bcra_private_nonfinancial_fx_deposits,2017-06,monthly,22704.000000,million_usd,official_provisional,bcra_monetary_variable_108,https://api.bcra.gob.ar/estadisticas/v4.0/Monetarias/108?offset=0&limit=3000,82c2dcf02a9ad94520e47d82ab9ff04d529422be2f3fa103a1c020905f508a96,2026-09-03T01:17:57Z
bcra_private_nonfinancial_fx_deposits,2017-07,monthly,23432.000000,million_usd,official_provisional,bcra_monetary_variable_108,https://api.bcra.gob.ar/estadisticas/v4.0/Monetarias/108?offset=0&limit=3000,82c2dcf02a9ad94520e47d82ab9ff04d529422be2f3fa103a1c020905f508a96,2026-09-03T01:17:57Z
bcra_private_nonfinancial_fx_deposits,2017-08,monthly,24074.000000,million_usd,official_provisional,bcra_monetary_variable_108,https://api.bcra.gob.ar/estadisticas/v4.0/Monetarias/108?offset=0&limit=3000,82c2dcf02a9ad94520e47d82ab9ff04d529422be2f3fa103a1c020905f508a96,2026-09-03T01:17:57Z
bcra_private_nonfinancial_fx_deposits,2017-09,monthly,24418.000000,million_usd,official_provisional,bcra_monetary_variable_108,https://api.bcra.gob.ar/estadisticas/v4.0/Monetarias/108?offset=0&limit=3000,82c2dcf02a9ad94520e47d82ab9ff04d529422be2f3fa103a1c020905f508a96,2026-09-03T01:17:57Z
bcra_private_nonfinancial_fx_deposits,2017-10,monthly,24658.000000,million_usd,official_provisional,bcra_monetary_variable_108,https://api.bcra.gob.ar/estadisticas/v4.0/Monetarias/108?offset=0&limit=3000,82c2dcf02a9ad94520e47d82ab9ff04d529422be2f3fa103a1c020905f508a96,2026-09-03T01:17:57Z
bcra_private_nonfinancial_fx_deposits,2017-11,monthly,25155.000000,million_usd,official_provisional,bcra_monetary_variable_108,https://api.bcra.gob.ar/estadisticas/v4.0/Monetarias/108?offset=0&limit=3000,82c2dcf02a9ad94520e47d82ab9ff04d529422be2f3fa103a1c020905f508a96,2026-09-03T01:17:57Z
bcra_private_nonfinancial_fx_deposits,2017-12,monthly,26428.000000,million_usd,official_provisional,bcra_monetary_variable_108,https://api.bcra.gob.ar/estadisticas/v4.0/Monetarias/108?offset=0&limit=3000,82c2dcf02a9ad94520e47d82ab9ff04d529422be2f3fa103a1c020905f508a96,2026-09-03T01:17:57Z
bcra_private_nonfinancial_fx_deposits,2018-01,monthly,25389.000000,million_usd,official_provisional,bcra_monetary_variable_108,https://api.bcra.gob.ar/estadisticas/v4.0/Monetarias/108?offset=0&limit=3000,82c2dcf02a9ad94520e47d82ab9ff04d529422be2f3fa103a1c020905f508a96,2026-09-03T01:17:57Z
bcra_private_nonfinancial_fx_deposits,2018-02,monthly,25615.000000,million_usd,official_provisional,bcra_monetary_variable_108,https://api.bcra.gob.ar/estadisticas/v4.0/Monetarias/108?offset=0&limit=3000,82c2dcf02a9ad94520e47d82ab9ff04d529422be2f3fa103a1c020905f508a96,2026-09-03T01:17:57Z
bcra_private_nonfinancial_fx_deposits,2018-03,monthly,25995.000000,million_usd,official_provisional,bcra_monetary_variable_108,https://api.bcra.gob.ar/estadisticas/v4.0/Monetarias/108?offset=0&limit=3000,82c2dcf02a9ad94520e47d82ab9ff04d529422be2f3fa103a1c020905f508a96,2026-09-03T01:17:57Z
bcra_private_nonfinancial_fx_deposits,2018-04,monthly,26477.000000,million_usd,official_provisional,bcra_monetary_variable_108,https://api.bcra.gob.ar/estadisticas/v4.0/Monetarias/108?offset=0&limit=3000,82c2dcf02a9ad94520e47d82ab9ff04d529422be2f3fa103a1c020905f508a96,2026-09-03T01:17:57Z
bcra_private_nonfinancial_fx_deposits,2018-05,monthly,25819.000000,million_usd,official_provisional,bcra_monetary_variable_108,https://api.bcra.gob.ar/estadisticas/v4.0/Monetarias/108?offset=0&limit=3000,82c2dcf02a9ad94520e47d82ab9ff04d529422be2f3fa103a1c020905f508a96,2026-09-03T01:17:57Z
bcra_private_nonfinancial_fx_deposits,2018-06,monthly,26633.000000,million_usd,official_provisional,bcra_monetary_variable_108,https://api.bcra.gob.ar/estadisticas/v4.0/Monetarias/108?offset=0&limit=3000,82c2dcf02a9ad94520e47d82ab9ff04d529422be2f3fa103a1c020905f508a96,2026-09-03T01:17:57Z
bcra_private_nonfinancial_fx_deposits,2018-07,monthly,27102.000000,million_usd,official_provisional,bcra_monetary_variable_108,https://api.bcra.gob.ar/estadisticas/v4.0/Monetarias/108?offset=0&limit=3000,82c2dcf02a9ad94520e47d82ab9ff04d529422be2f3fa103a1c020905f508a96,2026-09-03T01:17:57Z
bcra_private_nonfinancial_fx_deposits,2018-08,monthly,27994.000000,million_usd,official_provisional,bcra_monetary_variable_108,https://api.bcra.gob.ar/estadisticas/v4.0/Monetarias/108?offset=0&limit=3000,82c2dcf02a9ad94520e47d82ab9ff04d529422be2f3fa103a1c020905f508a96,2026-09-03T01:17:57Z
bcra_private_nonfinancial_fx_deposits,2018-09,monthly,27021.000000,million_usd,official_provisional,bcra_monetary_variable_108,https://api.bcra.gob.ar/estadisticas/v4.0/Monetarias/108?offset=0&limit=3000,82c2dcf02a9ad94520e47d82ab9ff04d529422be2f3fa103a1c020905f508a96,2026-09-03T01:17:57Z
bcra_private_nonfinancial_fx_deposits,2018-10,monthly,27288.000000,million_usd,official_provisional,bcra_monetary_variable_108,https://api.bcra.gob.ar/estadisticas/v4.0/Monetarias/108?offset=0&limit=3000,82c2dcf02a9ad94520e47d82ab9ff04d529422be2f3fa103a1c020905f508a96,2026-09-03T01:17:57Z
bcra_private_nonfinancial_fx_deposits,2018-11,monthly,27500.000000,million_usd,official_provisional,bcra_monetary_variable_108,https://api.bcra.gob.ar/estadisticas/v4.0/Monetarias/108?offset=0&limit=3000,82c2dcf02a9ad94520e47d82ab9ff04d529422be2f3fa103a1c020905f508a96,2026-09-03T01:17:57Z
bcra_private_nonfinancial_fx_deposits,2018-12,monthly,28951.000000,million_usd,official_provisional,bcra_monetary_variable_108,https://api.bcra.gob.ar/estadisticas/v4.0/Monetarias/108?offset=0&limit=3000,82c2dcf02a9ad94520e47d82ab9ff04d529422be2f3fa103a1c020905f508a96,2026-09-03T01:17:57Z
bcra_private_nonfinancial_fx_deposits,2019-01,monthly,29527.000000,million_usd,official_provisional,bcra_monetary_variable_108,https://api.bcra.gob.ar/estadisticas/v4.0/Monetarias/108?offset=0&limit=3000,82c2dcf02a9ad94520e47d82ab9ff04d529422be2f3fa103a1c020905f508a96,2026-09-03T01:17:57Z
bcra_private_nonfinancial_fx_deposits,2019-02,monthly,29677.000000,million_usd,official_provisional,bcra_monetary_variable_108,https://api.bcra.gob.ar/estadisticas/v4.0/Monetarias/108?offset=0&limit=3000,82c2dcf02a9ad94520e47d82ab9ff04d529422be2f3fa103a1c020905f508a96,2026-09-03T01:17:57Z
bcra_private_nonfinancial_fx_deposits,2019-03,monthly,29828.000000,million_usd,official_provisional,bcra_monetary_variable_108,https://api.bcra.gob.ar/estadisticas/v4.0/Monetarias/108?offset=0&limit=3000,82c2dcf02a9ad94520e47d82ab9ff04d529422be2f3fa103a1c020905f508a96,2026-09-03T01:17:57Z
bcra_private_nonfinancial_fx_deposits,2019-04,monthly,30194.000000,million_usd,official_provisional,bcra_monetary_variable_108,https://api.bcra.gob.ar/estadisticas/v4.0/Monetarias/108?offset=0&limit=3000,82c2dcf02a9ad94520e47d82ab9ff04d529422be2f3fa103a1c020905f508a96,2026-09-03T01:17:57Z
bcra_private_nonfinancial_fx_deposits,2019-05,monthly,30636.000000,million_usd,official_provisional,bcra_monetary_variable_108,https://api.bcra.gob.ar/estadisticas/v4.0/Monetarias/108?offset=0&limit=3000,82c2dcf02a9ad94520e47d82ab9ff04d529422be2f3fa103a1c020905f508a96,2026-09-03T01:17:57Z
bcra_private_nonfinancial_fx_deposits,2019-06,monthly,30908.000000,million_usd,official_provisional,bcra_monetary_variable_108,https://api.bcra.gob.ar/estadisticas/v4.0/Monetarias/108?offset=0&limit=3000,82c2dcf02a9ad94520e47d82ab9ff04d529422be2f3fa103a1c020905f508a96,2026-09-03T01:17:57Z
bcra_private_nonfinancial_fx_deposits,2019-07,monthly,32163.000000,million_usd,official_provisional,bcra_monetary_variable_108,https://api.bcra.gob.ar/estadisticas/v4.0/Monetarias/108?offset=0&limit=3000,82c2dcf02a9ad94520e47d82ab9ff04d529422be2f3fa103a1c020905f508a96,2026-09-03T01:17:57Z
bcra_private_nonfinancial_fx_deposits,2019-08,monthly,26623.000000,million_usd,official_provisional,bcra_monetary_variable_108,https://api.bcra.gob.ar/estadisticas/v4.0/Monetarias/108?offset=0&limit=3000,82c2dcf02a9ad94520e47d82ab9ff04d529422be2f3fa103a1c020905f508a96,2026-09-03T01:17:57Z
bcra_private_nonfinancial_fx_deposits,2019-09,monthly,21384.000000,million_usd,official_provisional,bcra_monetary_variable_108,https://api.bcra.gob.ar/estadisticas/v4.0/Monetarias/108?offset=0&limit=3000,82c2dcf02a9ad94520e47d82ab9ff04d529422be2f3fa103a1c020905f508a96,2026-09-03T01:17:57Z
bcra_private_nonfinancial_fx_deposits,2019-10,monthly,19099.000000,million_usd,official_provisional,bcra_monetary_variable_108,https://api.bcra.gob.ar/estadisticas/v4.0/Monetarias/108?offset=0&limit=3000,82c2dcf02a9ad94520e47d82ab9ff04d529422be2f3fa103a1c020905f508a96,2026-09-03T01:17:57Z
bcra_private_nonfinancial_fx_deposits,2019-11,monthly,18441.000000,million_usd,official_provisional,bcra_monetary_variable_108,https://api.bcra.gob.ar/estadisticas/v4.0/Monetarias/108?offset=0&limit=3000,82c2dcf02a9ad94520e47d82ab9ff04d529422be2f3fa103a1c020905f508a96,2026-09-03T01:17:57Z
bcra_private_nonfinancial_fx_deposits,2019-12,monthly,19448.000000,million_usd,official_provisional,bcra_monetary_variable_108,https://api.bcra.gob.ar/estadisticas/v4.0/Monetarias/108?offset=0&limit=3000,82c2dcf02a9ad94520e47d82ab9ff04d529422be2f3fa103a1c020905f508a96,2026-09-03T01:17:57Z
bcra_private_nonfinancial_fx_deposits,2020-01,monthly,18719.000000,million_usd,official_provisional,bcra_monetary_variable_108,https://api.bcra.gob.ar/estadisticas/v4.0/Monetarias/108?offset=0&limit=3000,82c2dcf02a9ad94520e47d82ab9ff04d529422be2f3fa103a1c020905f508a96,2026-09-03T01:17:57Z
bcra_private_nonfinancial_fx_deposits,2020-02,monthly,18555.000000,million_usd,official_provisional,bcra_monetary_variable_108,https://api.bcra.gob.ar/estadisticas/v4.0/Monetarias/108?offset=0&limit=3000,82c2dcf02a9ad94520e47d82ab9ff04d529422be2f3fa103a1c020905f508a96,2026-09-03T01:17:57Z
bcra_private_nonfinancial_fx_deposits,2020-03,monthly,18142.000000,million_usd,official_provisional,bcra_monetary_variable_108,https://api.bcra.gob.ar/estadisticas/v4.0/Monetarias/108?offset=0&limit=3000,82c2dcf02a9ad94520e47d82ab9ff04d529422be2f3fa103a1c020905f508a96,2026-09-03T01:17:57Z
bcra_private_nonfinancial_fx_deposits,2020-04,monthly,17783.000000,million_usd,official_provisional,bcra_monetary_variable_108,https://api.bcra.gob.ar/estadisticas/v4.0/Monetarias/108?offset=0&limit=3000,82c2dcf02a9ad94520e47d82ab9ff04d529422be2f3fa103a1c020905f508a96,2026-09-03T01:17:57Z
bcra_private_nonfinancial_fx_deposits,2020-05,monthly,16880.000000,million_usd,official_provisional,bcra_monetary_variable_108,https://api.bcra.gob.ar/estadisticas/v4.0/Monetarias/108?offset=0&limit=3000,82c2dcf02a9ad94520e47d82ab9ff04d529422be2f3fa103a1c020905f508a96,2026-09-03T01:17:57Z
bcra_private_nonfinancial_fx_deposits,2020-06,monthly,16783.000000,million_usd,official_provisional,bcra_monetary_variable_108,https://api.bcra.gob.ar/estadisticas/v4.0/Monetarias/108?offset=0&limit=3000,82c2dcf02a9ad94520e47d82ab9ff04d529422be2f3fa103a1c020905f508a96,2026-09-03T01:17:57Z
bcra_private_nonfinancial_fx_deposits,2020-07,monthly,17004.000000,million_usd,official_provisional,bcra_monetary_variable_108,https://api.bcra.gob.ar/estadisticas/v4.0/Monetarias/108?offset=0&limit=3000,82c2dcf02a9ad94520e47d82ab9ff04d529422be2f3fa103a1c020905f508a96,2026-09-03T01:17:57Z
bcra_private_nonfinancial_fx_deposits,2020-08,monthly,17165.000000,million_usd,official_provisional,bcra_monetary_variable_108,https://api.bcra.gob.ar/estadisticas/v4.0/Monetarias/108?offset=0&limit=3000,82c2dcf02a9ad94520e47d82ab9ff04d529422be2f3fa103a1c020905f508a96,2026-09-03T01:17:57Z
bcra_private_nonfinancial_fx_deposits,2020-09,monthly,16137.000000,million_usd,official_provisional,bcra_monetary_variable_108,https://api.bcra.gob.ar/estadisticas/v4.0/Monetarias/108?offset=0&limit=3000,82c2dcf02a9ad94520e47d82ab9ff04d529422be2f3fa103a1c020905f508a96,2026-09-03T01:17:57Z
bcra_private_nonfinancial_fx_deposits,2020-10,monthly,14659.000000,million_usd,official_provisional,bcra_monetary_variable_108,https://api.bcra.gob.ar/estadisticas/v4.0/Monetarias/108?offset=0&limit=3000,82c2dcf02a9ad94520e47d82ab9ff04d529422be2f3fa103a1c020905f508a96,2026-09-03T01:17:57Z
bcra_private_nonfinancial_fx_deposits,2020-11,monthly,14676.000000,million_usd,official_provisional,bcra_monetary_variable_108,https://api.bcra.gob.ar/estadisticas/v4.0/Monetarias/108?offset=0&limit=3000,82c2dcf02a9ad94520e47d82ab9ff04d529422be2f3fa103a1c020905f508a96,2026-09-03T01:17:57Z
bcra_private_nonfinancial_fx_deposits,2020-12,monthly,15935.000000,million_usd,official_provisional,bcra_monetary_variable_108,https://api.bcra.gob.ar/estadisticas/v4.0/Monetarias/108?offset=0&limit=3000,82c2dcf02a9ad94520e47d82ab9ff04d529422be2f3fa103a1c020905f508a96,2026-09-03T01:17:57Z
bcra_private_nonfinancial_fx_deposits,2021-01,monthly,15628.000000,million_usd,official_provisional,bcra_monetary_variable_108,https://api.bcra.gob.ar/estadisticas/v4.0/Monetarias/108?offset=0&limit=3000,82c2dcf02a9ad94520e47d82ab9ff04d529422be2f3fa103a1c020905f508a96,2026-09-03T01:17:57Z
bcra_private_nonfinancial_fx_deposits,2021-02,monthly,15674.000000,million_usd,official_provisional,bcra_monetary_variable_108,https://api.bcra.gob.ar/estadisticas/v4.0/Monetarias/108?offset=0&limit=3000,82c2dcf02a9ad94520e47d82ab9ff04d529422be2f3fa103a1c020905f508a96,2026-09-03T01:17:57Z
bcra_private_nonfinancial_fx_deposits,2021-03,monthly,15946.000000,million_usd,official_provisional,bcra_monetary_variable_108,https://api.bcra.gob.ar/estadisticas/v4.0/Monetarias/108?offset=0&limit=3000,82c2dcf02a9ad94520e47d82ab9ff04d529422be2f3fa103a1c020905f508a96,2026-09-03T01:17:57Z
bcra_private_nonfinancial_fx_deposits,2021-04,monthly,15957.000000,million_usd,official_provisional,bcra_monetary_variable_108,https://api.bcra.gob.ar/estadisticas/v4.0/Monetarias/108?offset=0&limit=3000,82c2dcf02a9ad94520e47d82ab9ff04d529422be2f3fa103a1c020905f508a96,2026-09-03T01:17:57Z
bcra_private_nonfinancial_fx_deposits,2021-05,monthly,16155.000000,million_usd,official_provisional,bcra_monetary_variable_108,https://api.bcra.gob.ar/estadisticas/v4.0/Monetarias/108?offset=0&limit=3000,82c2dcf02a9ad94520e47d82ab9ff04d529422be2f3fa103a1c020905f508a96,2026-09-03T01:17:57Z
bcra_private_nonfinancial_fx_deposits,2021-06,monthly,16222.000000,million_usd,official_provisional,bcra_monetary_variable_108,https://api.bcra.gob.ar/estadisticas/v4.0/Monetarias/108?offset=0&limit=3000,82c2dcf02a9ad94520e47d82ab9ff04d529422be2f3fa103a1c020905f508a96,2026-09-03T01:17:57Z
bcra_private_nonfinancial_fx_deposits,2021-07,monthly,16361.000000,million_usd,official_provisional,bcra_monetary_variable_108,https://api.bcra.gob.ar/estadisticas/v4.0/Monetarias/108?offset=0&limit=3000,82c2dcf02a9ad94520e47d82ab9ff04d529422be2f3fa103a1c020905f508a96,2026-09-03T01:17:57Z
bcra_private_nonfinancial_fx_deposits,2021-08,monthly,16430.000000,million_usd,official_provisional,bcra_monetary_variable_108,https://api.bcra.gob.ar/estadisticas/v4.0/Monetarias/108?offset=0&limit=3000,82c2dcf02a9ad94520e47d82ab9ff04d529422be2f3fa103a1c020905f508a96,2026-09-03T01:17:57Z
bcra_private_nonfinancial_fx_deposits,2021-09,monthly,16386.000000,million_usd,official_provisional,bcra_monetary_variable_108,https://api.bcra.gob.ar/estadisticas/v4.0/Monetarias/108?offset=0&limit=3000,82c2dcf02a9ad94520e47d82ab9ff04d529422be2f3fa103a1c020905f508a96,2026-09-03T01:17:57Z
bcra_private_nonfinancial_fx_deposits,2021-10,monthly,16122.000000,million_usd,official_provisional,bcra_monetary_variable_108,https://api.bcra.gob.ar/estadisticas/v4.0/Monetarias/108?offset=0&limit=3000,82c2dcf02a9ad94520e47d82ab9ff04d529422be2f3fa103a1c020905f508a96,2026-09-03T01:17:57Z
bcra_private_nonfinancial_fx_deposits,2021-11,monthly,15351.000000,million_usd,official_provisional,bcra_monetary_variable_108,https://api.bcra.gob.ar/estadisticas/v4.0/Monetarias/108?offset=0&limit=3000,82c2dcf02a9ad94520e47d82ab9ff04d529422be2f3fa103a1c020905f508a96,2026-09-03T01:17:57Z
bcra_private_nonfinancial_fx_deposits,2021-12,monthly,15752.000000,million_usd,official_provisional,bcra_monetary_variable_108,https://api.bcra.gob.ar/estadisticas/v4.0/Monetarias/108?offset=0&limit=3000,82c2dcf02a9ad94520e47d82ab9ff04d529422be2f3fa103a1c020905f508a96,2026-09-03T01:17:57Z
bcra_private_nonfinancial_fx_deposits,2022-01,monthly,15314.000000,million_usd,official_provisional,bcra_monetary_variable_108,https://api.bcra.gob.ar/estadisticas/v4.0/Monetarias/108?offset=0&limit=3000,82c2dcf02a9ad94520e47d82ab9ff04d529422be2f3fa103a1c020905f508a96,2026-09-03T01:17:57Z
bcra_private_nonfinancial_fx_deposits,2022-02,monthly,15168.000000,million_usd,official_provisional,bcra_monetary_variable_108,https://api.bcra.gob.ar/estadisticas/v4.0/Monetarias/108?offset=0&limit=3000,82c2dcf02a9ad94520e47d82ab9ff04d529422be2f3fa103a1c020905f508a96,2026-09-03T01:17:57Z
bcra_private_nonfinancial_fx_deposits,2022-03,monthly,15245.000000,million_usd,official_provisional,bcra_monetary_variable_108,https://api.bcra.gob.ar/estadisticas/v4.0/Monetarias/108?offset=0&limit=3000,82c2dcf02a9ad94520e47d82ab9ff04d529422be2f3fa103a1c020905f508a96,2026-09-03T01:17:57Z
bcra_private_nonfinancial_fx_deposits,2022-04,monthly,15321.000000,million_usd,official_provisional,bcra_monetary_variable_108,https://api.bcra.gob.ar/estadisticas/v4.0/Monetarias/108?offset=0&limit=3000,82c2dcf02a9ad94520e47d82ab9ff04d529422be2f3fa103a1c020905f508a96,2026-09-03T01:17:57Z
bcra_private_nonfinancial_fx_deposits,2022-05,monthly,15485.000000,million_usd,official_provisional,bcra_monetary_variable_108,https://api.bcra.gob.ar/estadisticas/v4.0/Monetarias/108?offset=0&limit=3000,82c2dcf02a9ad94520e47d82ab9ff04d529422be2f3fa103a1c020905f508a96,2026-09-03T01:17:57Z
bcra_private_nonfinancial_fx_deposits,2022-06,monthly,15493.000000,million_usd,official_provisional,bcra_monetary_variable_108,https://api.bcra.gob.ar/estadisticas/v4.0/Monetarias/108?offset=0&limit=3000,82c2dcf02a9ad94520e47d82ab9ff04d529422be2f3fa103a1c020905f508a96,2026-09-03T01:17:57Z
bcra_private_nonfinancial_fx_deposits,2022-07,monthly,14638.000000,million_usd,official_provisional,bcra_monetary_variable_108,https://api.bcra.gob.ar/estadisticas/v4.0/Monetarias/108?offset=0&limit=3000,82c2dcf02a9ad94520e47d82ab9ff04d529422be2f3fa103a1c020905f508a96,2026-09-03T01:17:57Z
bcra_private_nonfinancial_fx_deposits,2022-08,monthly,14527.000000,million_usd,official_provisional,bcra_monetary_variable_108,https://api.bcra.gob.ar/estadisticas/v4.0/Monetarias/108?offset=0&limit=3000,82c2dcf02a9ad94520e47d82ab9ff04d529422be2f3fa103a1c020905f508a96,2026-09-03T01:17:57Z
bcra_private_nonfinancial_fx_deposits,2022-09,monthly,14930.000000,million_usd,official_provisional,bcra_monetary_variable_108,https://api.bcra.gob.ar/estadisticas/v4.0/Monetarias/108?offset=0&limit=3000,82c2dcf02a9ad94520e47d82ab9ff04d529422be2f3fa103a1c020905f508a96,2026-09-03T01:17:57Z
bcra_private_nonfinancial_fx_deposits,2022-10,monthly,15016.000000,million_usd,official_provisional,bcra_monetary_variable_108,https://api.bcra.gob.ar/estadisticas/v4.0/Monetarias/108?offset=0&limit=3000,82c2dcf02a9ad94520e47d82ab9ff04d529422be2f3fa103a1c020905f508a96,2026-09-03T01:17:57Z
bcra_private_nonfinancial_fx_deposits,2022-11,monthly,15391.000000,million_usd,official_provisional,bcra_monetary_variable_108,https://api.bcra.gob.ar/estadisticas/v4.0/Monetarias/108?offset=0&limit=3000,82c2dcf02a9ad94520e47d82ab9ff04d529422be2f3fa103a1c020905f508a96,2026-09-03T01:17:57Z
bcra_private_nonfinancial_fx_deposits,2022-12,monthly,16329.000000,million_usd,official_provisional,bcra_monetary_variable_108,https://api.bcra.gob.ar/estadisticas/v4.0/Monetarias/108?offset=0&limit=3000,82c2dcf02a9ad94520e47d82ab9ff04d529422be2f3fa103a1c020905f508a96,2026-09-03T01:17:57Z
bcra_private_nonfinancial_fx_deposits,2023-01,monthly,16307.000000,million_usd,official_provisional,bcra_monetary_variable_108,https://api.bcra.gob.ar/estadisticas/v4.0/Monetarias/108?offset=0&limit=3000,82c2dcf02a9ad94520e47d82ab9ff04d529422be2f3fa103a1c020905f508a96,2026-09-03T01:17:57Z
bcra_private_nonfinancial_fx_deposits,2023-02,monthly,16354.000000,million_usd,official_provisional,bcra_monetary_variable_108,https://api.bcra.gob.ar/estadisticas/v4.0/Monetarias/108?offset=0&limit=3000,82c2dcf02a9ad94520e47d82ab9ff04d529422be2f3fa103a1c020905f508a96,2026-09-03T01:17:57Z
bcra_private_nonfinancial_fx_deposits,2023-03,monthly,16047.000000,million_usd,official_provisional,bcra_monetary_variable_108,https://api.bcra.gob.ar/estadisticas/v4.0/Monetarias/108?offset=0&limit=3000,82c2dcf02a9ad94520e47d82ab9ff04d529422be2f3fa103a1c020905f508a96,2026-09-03T01:17:57Z
bcra_private_nonfinancial_fx_deposits,2023-04,monthly,15293.000000,million_usd,official_provisional,bcra_monetary_variable_108,https://api.bcra.gob.ar/estadisticas/v4.0/Monetarias/108?offset=0&limit=3000,82c2dcf02a9ad94520e47d82ab9ff04d529422be2f3fa103a1c020905f508a96,2026-09-03T01:17:57Z
bcra_private_nonfinancial_fx_deposits,2023-05,monthly,15292.000000,million_usd,official_provisional,bcra_monetary_variable_108,https://api.bcra.gob.ar/estadisticas/v4.0/Monetarias/108?offset=0&limit=3000,82c2dcf02a9ad94520e47d82ab9ff04d529422be2f3fa103a1c020905f508a96,2026-09-03T01:17:57Z
bcra_private_nonfinancial_fx_deposits,2023-06,monthly,15430.000000,million_usd,official_provisional,bcra_monetary_variable_108,https://api.bcra.gob.ar/estadisticas/v4.0/Monetarias/108?offset=0&limit=3000,82c2dcf02a9ad94520e47d82ab9ff04d529422be2f3fa103a1c020905f508a96,2026-09-03T01:17:57Z
bcra_private_nonfinancial_fx_deposits,2023-07,monthly,15506.000000,million_usd,official_provisional,bcra_monetary_variable_108,https://api.bcra.gob.ar/estadisticas/v4.0/Monetarias/108?offset=0&limit=3000,82c2dcf02a9ad94520e47d82ab9ff04d529422be2f3fa103a1c020905f508a96,2026-09-03T01:17:57Z
bcra_private_nonfinancial_fx_deposits,2023-08,monthly,14976.000000,million_usd,official_provisional,bcra_monetary_variable_108,https://api.bcra.gob.ar/estadisticas/v4.0/Monetarias/108?offset=0&limit=3000,82c2dcf02a9ad94520e47d82ab9ff04d529422be2f3fa103a1c020905f508a96,2026-09-03T01:17:57Z
bcra_private_nonfinancial_fx_deposits,2023-09,monthly,14938.000000,million_usd,official_provisional,bcra_monetary_variable_108,https://api.bcra.gob.ar/estadisticas/v4.0/Monetarias/108?offset=0&limit=3000,82c2dcf02a9ad94520e47d82ab9ff04d529422be2f3fa103a1c020905f508a96,2026-09-03T01:17:57Z
bcra_private_nonfinancial_fx_deposits,2023-10,monthly,14262.000000,million_usd,official_provisional,bcra_monetary_variable_108,https://api.bcra.gob.ar/estadisticas/v4.0/Monetarias/108?offset=0&limit=3000,82c2dcf02a9ad94520e47d82ab9ff04d529422be2f3fa103a1c020905f508a96,2026-09-03T01:17:57Z
bcra_private_nonfinancial_fx_deposits,2023-11,monthly,14111.000000,million_usd,official_provisional,bcra_monetary_variable_108,https://api.bcra.gob.ar/estadisticas/v4.0/Monetarias/108?offset=0&limit=3000,82c2dcf02a9ad94520e47d82ab9ff04d529422be2f3fa103a1c020905f508a96,2026-09-03T01:17:57Z
bcra_private_nonfinancial_fx_deposits,2023-12,monthly,15802.000000,million_usd,official_provisional,bcra_monetary_variable_108,https://api.bcra.gob.ar/estadisticas/v4.0/Monetarias/108?offset=0&limit=3000,82c2dcf02a9ad94520e47d82ab9ff04d529422be2f3fa103a1c020905f508a96,2026-09-03T01:17:57Z
bcra_private_nonfinancial_fx_deposits,2024-01,monthly,15961.000000,million_usd,official_provisional,bcra_monetary_variable_108,https://api.bcra.gob.ar/estadisticas/v4.0/Monetarias/108?offset=0&limit=3000,82c2dcf02a9ad94520e47d82ab9ff04d529422be2f3fa103a1c020905f508a96,2026-09-03T01:17:57Z
bcra_private_nonfinancial_fx_deposits,2024-02,monthly,16431.000000,million_usd,official_provisional,bcra_monetary_variable_108,https://api.bcra.gob.ar/estadisticas/v4.0/Monetarias/108?offset=0&limit=3000,82c2dcf02a9ad94520e47d82ab9ff04d529422be2f3fa103a1c020905f508a96,2026-09-03T01:17:57Z
bcra_private_nonfinancial_fx_deposits,2024-03,monthly,16909.000000,million_usd,official_provisional,bcra_monetary_variable_108,https://api.bcra.gob.ar/estadisticas/v4.0/Monetarias/108?offset=0&limit=3000,82c2dcf02a9ad94520e47d82ab9ff04d529422be2f3fa103a1c020905f508a96,2026-09-03T01:17:57Z
bcra_private_nonfinancial_fx_deposits,2024-04,monthly,17293.000000,million_usd,official_provisional,bcra_monetary_variable_108,https://api.bcra.gob.ar/estadisticas/v4.0/Monetarias/108?offset=0&limit=3000,82c2dcf02a9ad94520e47d82ab9ff04d529422be2f3fa103a1c020905f508a96,2026-09-03T01:17:57Z
bcra_private_nonfinancial_fx_deposits,2024-05,monthly,17723.000000,million_usd,official_provisional,bcra_monetary_variable_108,https://api.bcra.gob.ar/estadisticas/v4.0/Monetarias/108?offset=0&limit=3000,82c2dcf02a9ad94520e47d82ab9ff04d529422be2f3fa103a1c020905f508a96,2026-09-03T01:17:57Z
bcra_private_nonfinancial_fx_deposits,2024-06,monthly,17861.000000,million_usd,official_provisional,bcra_monetary_variable_108,https://api.bcra.gob.ar/estadisticas/v4.0/Monetarias/108?offset=0&limit=3000,82c2dcf02a9ad94520e47d82ab9ff04d529422be2f3fa103a1c020905f508a96,2026-09-03T01:17:57Z
bcra_private_nonfinancial_fx_deposits,2024-07,monthly,18605.000000,million_usd,official_provisional,bcra_monetary_variable_108,https://api.bcra.gob.ar/estadisticas/v4.0/Monetarias/108?offset=0&limit=3000,82c2dcf02a9ad94520e47d82ab9ff04d529422be2f3fa103a1c020905f508a96,2026-09-03T01:17:57Z
bcra_private_nonfinancial_fx_deposits,2024-08,monthly,19310.000000,million_usd,official_provisional,bcra_monetary_variable_108,https://api.bcra.gob.ar/estadisticas/v4.0/Monetarias/108?offset=0&limit=3000,82c2dcf02a9ad94520e47d82ab9ff04d529422be2f3fa103a1c020905f508a96,2026-09-03T01:17:57Z
bcra_private_nonfinancial_fx_deposits,2024-09,monthly,31554.000000,million_usd,official_provisional,bcra_monetary_variable_108,https://api.bcra.gob.ar/estadisticas/v4.0/Monetarias/108?offset=0&limit=3000,82c2dcf02a9ad94520e47d82ab9ff04d529422be2f3fa103a1c020905f508a96,2026-09-03T01:17:57Z
bcra_private_nonfinancial_fx_deposits,2024-10,monthly,34641.000000,million_usd,official_provisional,bcra_monetary_variable_108,https://api.bcra.gob.ar/estadisticas/v4.0/Monetarias/108?offset=0&limit=3000,82c2dcf02a9ad94520e47d82ab9ff04d529422be2f3fa103a1c020905f508a96,2026-09-03T01:17:57Z
bcra_private_nonfinancial_fx_deposits,2024-11,monthly,32575.000000,million_usd,official_provisional,bcra_monetary_variable_108,https://api.bcra.gob.ar/estadisticas/v4.0/Monetarias/108?offset=0&limit=3000,82c2dcf02a9ad94520e47d82ab9ff04d529422be2f3fa103a1c020905f508a96,2026-09-03T01:17:57Z
bcra_private_nonfinancial_fx_deposits,2024-12,monthly,31444.000000,million_usd,official_provisional,bcra_monetary_variable_108,https://api.bcra.gob.ar/estadisticas/v4.0/Monetarias/108?offset=0&limit=3000,82c2dcf02a9ad94520e47d82ab9ff04d529422be2f3fa103a1c020905f508a96,2026-09-03T01:17:57Z
bcra_private_nonfinancial_fx_deposits,2025-01,monthly,31209.000000,million_usd,official_provisional,bcra_monetary_variable_108,https://api.bcra.gob.ar/estadisticas/v4.0/Monetarias/108?offset=0&limit=3000,82c2dcf02a9ad94520e47d82ab9ff04d529422be2f3fa103a1c020905f508a96,2026-09-03T01:17:57Z
bcra_private_nonfinancial_fx_deposits,2025-02,monthly,30427.000000,million_usd,official_provisional,bcra_monetary_variable_108,https://api.bcra.gob.ar/estadisticas/v4.0/Monetarias/108?offset=0&limit=3000,82c2dcf02a9ad94520e47d82ab9ff04d529422be2f3fa103a1c020905f508a96,2026-09-03T01:17:57Z
bcra_private_nonfinancial_fx_deposits,2025-03,monthly,29351.000000,million_usd,official_provisional,bcra_monetary_variable_108,https://api.bcra.gob.ar/estadisticas/v4.0/Monetarias/108?offset=0&limit=3000,82c2dcf02a9ad94520e47d82ab9ff04d529422be2f3fa103a1c020905f508a96,2026-09-03T01:17:57Z
bcra_private_nonfinancial_fx_deposits,2025-04,monthly,30364.000000,million_usd,official_provisional,bcra_monetary_variable_108,https://api.bcra.gob.ar/estadisticas/v4.0/Monetarias/108?offset=0&limit=3000,82c2dcf02a9ad94520e47d82ab9ff04d529422be2f3fa103a1c020905f508a96,2026-09-03T01:17:57Z
bcra_private_nonfinancial_fx_deposits,2025-05,monthly,30404.000000,million_usd,official_provisional,bcra_monetary_variable_108,https://api.bcra.gob.ar/estadisticas/v4.0/Monetarias/108?offset=0&limit=3000,82c2dcf02a9ad94520e47d82ab9ff04d529422be2f3fa103a1c020905f508a96,2026-09-03T01:17:57Z
bcra_private_nonfinancial_fx_deposits,2025-06,monthly,30853.000000,million_usd,official_provisional,bcra_monetary_variable_108,https://api.bcra.gob.ar/estadisticas/v4.0/Monetarias/108?offset=0&limit=3000,82c2dcf02a9ad94520e47d82ab9ff04d529422be2f3fa103a1c020905f508a96,2026-09-03T01:17:57Z
bcra_private_nonfinancial_fx_deposits,2025-07,monthly,32591.000000,million_usd,official_provisional,bcra_monetary_variable_108,https://api.bcra.gob.ar/estadisticas/v4.0/Monetarias/108?offset=0&limit=3000,82c2dcf02a9ad94520e47d82ab9ff04d529422be2f3fa103a1c020905f508a96,2026-09-03T01:17:57Z
bcra_private_nonfinancial_fx_deposits,2025-08,monthly,32323.000000,million_usd,official_provisional,bcra_monetary_variable_108,https://api.bcra.gob.ar/estadisticas/v4.0/Monetarias/108?offset=0&limit=3000,82c2dcf02a9ad94520e47d82ab9ff04d529422be2f3fa103a1c020905f508a96,2026-09-03T01:17:57Z
bcra_private_nonfinancial_fx_deposits,2025-09,monthly,33949.000000,million_usd,official_provisional,bcra_monetary_variable_108,https://api.bcra.gob.ar/estadisticas/v4.0/Monetarias/108?offset=0&limit=3000,82c2dcf02a9ad94520e47d82ab9ff04d529422be2f3fa103a1c020905f508a96,2026-09-03T01:17:57Z
bcra_private_nonfinancial_fx_deposits,2025-10,monthly,35113.000000,million_usd,official_provisional,bcra_monetary_variable_108,https://api.bcra.gob.ar/estadisticas/v4.0/Monetarias/108?offset=0&limit=3000,82c2dcf02a9ad94520e47d82ab9ff04d529422be2f3fa103a1c020905f508a96,2026-09-03T01:17:57Z
bcra_private_nonfinancial_fx_deposits,2025-11,monthly,35740.000000,million_usd,official_provisional,bcra_monetary_variable_108,https://api.bcra.gob.ar/estadisticas/v4.0/Monetarias/108?offset=0&limit=3000,82c2dcf02a9ad94520e47d82ab9ff04d529422be2f3fa103a1c020905f508a96,2026-09-03T01:17:57Z
bcra_private_nonfinancial_fx_deposits,2025-12,monthly,36986.000000,million_usd,official_provisional,bcra_monetary_variable_108,https://api.bcra.gob.ar/estadisticas/v4.0/Monetarias/108?offset=0&limit=3000,82c2dcf02a9ad94520e47d82ab9ff04d529422be2f3fa103a1c020905f508a96,2026-09-03T01:17:57Z
bcra_private_nonfinancial_fx_deposits,2026-01,monthly,37969.000000,million_usd,official_provisional,bcra_monetary_variable_108,https://api.bcra.gob.ar/estadisticas/v4.0/Monetarias/108?offset=0&limit=3000,82c2dcf02a9ad94520e47d82ab9ff04d529422be2f3fa103a1c020905f508a96,2026-09-03T01:17:57Z
bcra_private_nonfinancial_fx_deposits,2026-02,monthly,38391.000000,million_usd,official_provisional,bcra_monetary_variable_108,https://api.bcra.gob.ar/estadisticas/v4.0/Monetarias/108?offset=0&limit=3000,82c2dcf02a9ad94520e47d82ab9ff04d529422be2f3fa103a1c020905f508a96,2026-09-03T01:17:57Z
bcra_private_nonfinancial_fx_deposits,2026-03,monthly,38479.000000,million_usd,official_provisional,bcra_monetary_variable_108,https://api.bcra.gob.ar/estadisticas/v4.0/Monetarias/108?offset=0&limit=3000,82c2dcf02a9ad94520e47d82ab9ff04d529422be2f3fa103a1c020905f508a96,2026-09-03T01:17:57Z
bcra_private_nonfinancial_fx_deposits,2026-04,monthly,38888.000000,million_usd,official_provisional,bcra_monetary_variable_108,https://api.bcra.gob.ar/estadisticas/v4.0/Monetarias/108?offset=0&limit=3000,82c2dcf02a9ad94520e47d82ab9ff04d529422be2f3fa103a1c020905f508a96,2026-09-03T01:17:57Z
bcra_private_nonfinancial_fx_deposits,2026-05,monthly,38844.000000,million_usd,official_provisional,bcra_monetary_variable_108,https://api.bcra.gob.ar/estadisticas/v4.0/Monetarias/108?offset=0&limit=3000,82c2dcf02a9ad94520e47d82ab9ff04d529422be2f3fa103a1c020905f508a96,2026-09-03T01:17:57Z
bcra_private_nonfinancial_fx_deposits,2026-06,monthly,39336.000000,million_usd,official_provisional,bcra_monetary_variable_108,https://api.bcra.gob.ar/estadisticas/v4.0/Monetarias/108?offset=0&limit=3000,82c2dcf02a9ad94520e47d82ab9ff04d529422be2f3fa103a1c020905f508a96,2026-09-03T01:17:57Z
bcra_private_nonfinancial_fx_deposits,2026-07,monthly,40267.000000,million_usd,official_provisional,bcra_monetary_variable_108,https://api.bcra.gob.ar/estadisticas/v4.0/Monetarias/108?offset=0&limit=3000,82c2dcf02a9ad94520e47d82ab9ff04d529422be2f3fa103a1c020905f508a96,2026-09-03T01:17:57Z
bcra_private_nonfinancial_fx_deposits,2026-08,monthly,41428.000000,million_usd,official_provisional,bcra_monetary_variable_108,https://api.bcra.gob.ar/estadisticas/v4.0/Monetarias/108?offset=0&limit=3000,82c2dcf02a9ad94520e47d82ab9ff04d529422be2f3fa103a1c020905f508a96,2026-09-03T01:17:57Z
