snapshot_date,ticker,instrument_name,curve_type,instrument_type,settlement_date,maturity_date,days_to_maturity,price,annual_yield,monthly_yield,duration_years,volume,status,source_id,source_url,source_sha256,retrieved_at
2026-10-01,TZXO6,Bono CER,cer,boncer,2026-10-02,2026-10-30,28,174.930000,3.365003,0.276183,0.076712,10335044290.000000,calculated_from_public_price_and_cashflows,rendimientos_bcra_calculated_cer_yield,https://rendimientos.co/api/cer-precios,a3e6ad5746232d65ca76032f7bdb3d964f6f765e234a43395c6800fa7732ede8,2026-10-02T02:28:38Z
2026-10-01,TX26,Bono CER,cer,boncer,2026-10-02,2026-11-09,38,751.300000,4.183895,0.342145,0.104110,1380703393.000000,calculated_from_public_price_and_cashflows,rendimientos_bcra_calculated_cer_yield,https://rendimientos.co/api/cer-precios,a3e6ad5746232d65ca76032f7bdb3d964f6f765e234a43395c6800fa7732ede8,2026-10-02T02:28:38Z
2026-10-01,X30N6,Bono CER,cer,boncer,2026-10-02,2026-11-30,59,127.090000,2.746742,0.226063,0.161644,11359041734.000000,calculated_from_public_price_and_cashflows,rendimientos_bcra_calculated_cer_yield,https://rendimientos.co/api/cer-precios,a3e6ad5746232d65ca76032f7bdb3d964f6f765e234a43395c6800fa7732ede8,2026-10-02T02:28:38Z
2026-10-01,TZXD6,Bono CER,cer,boncer,2026-10-02,2026-12-15,74,308.900000,2.859856,0.235253,0.202740,5441619860.000000,calculated_from_public_price_and_cashflows,rendimientos_bcra_calculated_cer_yield,https://rendimientos.co/api/cer-precios,a3e6ad5746232d65ca76032f7bdb3d964f6f765e234a43395c6800fa7732ede8,2026-10-02T02:28:38Z
2026-10-01,TZXM7,Bono CER,cer,boncer,2026-10-02,2027-03-31,180,228.950000,3.668599,0.300694,0.493151,19028458683.000000,calculated_from_public_price_and_cashflows,rendimientos_bcra_calculated_cer_yield,https://rendimientos.co/api/cer-precios,a3e6ad5746232d65ca76032f7bdb3d964f6f765e234a43395c6800fa7732ede8,2026-10-02T02:28:38Z
2026-10-01,TZX27,Bono CER,cer,boncer,2026-10-02,2027-06-30,271,407.150000,4.346778,0.355209,0.742466,103110483.000000,calculated_from_public_price_and_cashflows,rendimientos_bcra_calculated_cer_yield,https://rendimientos.co/api/cer-precios,a3e6ad5746232d65ca76032f7bdb3d964f6f765e234a43395c6800fa7732ede8,2026-10-02T02:28:38Z
2026-10-01,TZXD7,Bono CER,cer,boncer,2026-10-02,2027-12-15,439,282.500000,8.223970,0.660779,1.202740,3859032383.000000,calculated_from_public_price_and_cashflows,rendimientos_bcra_calculated_cer_yield,https://rendimientos.co/api/cer-precios,a3e6ad5746232d65ca76032f7bdb3d964f6f765e234a43395c6800fa7732ede8,2026-10-02T02:28:38Z
2026-10-01,TZX28,Bono CER,cer,boncer,2026-10-02,2028-06-30,637,354.650000,10.208576,0.813327,1.745205,2470094117.000000,calculated_from_public_price_and_cashflows,rendimientos_bcra_calculated_cer_yield,https://rendimientos.co/api/cer-precios,a3e6ad5746232d65ca76032f7bdb3d964f6f765e234a43395c6800fa7732ede8,2026-10-02T02:28:38Z
2026-10-01,TX28,Bono CER,cer,boncer,2026-10-02,2028-11-09,769,1771.000000,8.375065,0.672483,1.052979,54103796.000000,calculated_from_public_price_and_cashflows,rendimientos_bcra_calculated_cer_yield,https://rendimientos.co/api/cer-precios,a3e6ad5746232d65ca76032f7bdb3d964f6f765e234a43395c6800fa7732ede8,2026-10-02T02:28:38Z
2026-10-01,TX31,Bono CER,cer,boncer,2026-10-02,2031-12-01,1886,1444.000000,11.491172,0.910581,2.603945,43526879.000000,calculated_from_public_price_and_cashflows,rendimientos_bcra_calculated_cer_yield,https://rendimientos.co/api/cer-precios,a3e6ad5746232d65ca76032f7bdb3d964f6f765e234a43395c6800fa7732ede8,2026-10-02T02:28:38Z
2026-10-01,DICP,Bono CER,cer,boncer,2026-10-02,2034-01-02,2649,48400.000000,2.950205,0.242587,3.394174,2079880.000000,calculated_from_public_price_and_cashflows,rendimientos_bcra_calculated_cer_yield,https://rendimientos.co/api/cer-precios,a3e6ad5746232d65ca76032f7bdb3d964f6f765e234a43395c6800fa7732ede8,2026-10-02T02:28:38Z
2026-10-01,PARP,Bono CER,cer,boncer,2026-10-02,2038-12-31,4473,34065.000000,10.582607,0.841795,6.409873,153880.000000,calculated_from_public_price_and_cashflows,rendimientos_bcra_calculated_cer_yield,https://rendimientos.co/api/cer-precios,a3e6ad5746232d65ca76032f7bdb3d964f6f765e234a43395c6800fa7732ede8,2026-10-02T02:28:38Z
2026-10-01,S16O6,LECAP,nominal,lecap,2026-10-02,2026-10-16,14,104.380000,25.060000,1.881001,0.038356,58454415460.000000,reported_yield,argentinadatos_reported_yield_curves,https://api.argentinadatos.com/v1/finanzas/letras,9a109ced7b2c7d646340bba6328a1cc097003cc03f4f659dd3ada51f111eefac,2026-10-02T02:28:38Z
2026-10-01,S30O6,LECAP,nominal,lecap,2026-10-02,2026-10-30,28,133.150000,22.960000,1.737327,0.076712,3059182163.000000,reported_yield,argentinadatos_reported_yield_curves,https://api.argentinadatos.com/v1/finanzas/letras,9a109ced7b2c7d646340bba6328a1cc097003cc03f4f659dd3ada51f111eefac,2026-10-02T02:28:38Z
2026-10-01,S13N6,LECAP,nominal,lecap,2026-10-02,2026-11-13,42,106.770000,26.040000,1.947293,0.115068,41087490097.000000,reported_yield,argentinadatos_reported_yield_curves,https://api.argentinadatos.com/v1/finanzas/letras,9a109ced7b2c7d646340bba6328a1cc097003cc03f4f659dd3ada51f111eefac,2026-10-02T02:28:38Z
2026-10-01,S30N6,LECAP,nominal,lecap,2026-10-02,2026-11-30,59,125.190000,25.600000,1.917588,0.161644,83302176067.000000,reported_yield,argentinadatos_reported_yield_curves,https://api.argentinadatos.com/v1/finanzas/letras,9a109ced7b2c7d646340bba6328a1cc097003cc03f4f659dd3ada51f111eefac,2026-10-02T02:28:38Z
2026-10-01,T15E7,BONCAP,nominal,boncap,2026-10-02,2027-01-15,105,150.050000,28.030000,2.080466,0.287671,95755327759.000000,reported_yield,argentinadatos_reported_yield_curves,https://api.argentinadatos.com/v1/finanzas/letras,9a109ced7b2c7d646340bba6328a1cc097003cc03f4f659dd3ada51f111eefac,2026-10-02T02:28:38Z
2026-10-01,S29E7,LECAP,nominal,lecap,2026-10-02,2027-01-29,119,103.150000,27.610000,2.052518,0.326027,9333062389.000000,reported_yield,argentinadatos_reported_yield_curves,https://api.argentinadatos.com/v1/finanzas/letras,9a109ced7b2c7d646340bba6328a1cc097003cc03f4f659dd3ada51f111eefac,2026-10-02T02:28:38Z
2026-10-01,T30A7,BONCAP,nominal,boncap,2026-10-02,2027-04-30,210,135.450000,29.740000,2.193394,0.575342,29589090379.000000,reported_yield,argentinadatos_reported_yield_curves,https://api.argentinadatos.com/v1/finanzas/letras,9a109ced7b2c7d646340bba6328a1cc097003cc03f4f659dd3ada51f111eefac,2026-10-02T02:28:38Z
2026-10-01,T31Y7,BONCAP,nominal,boncap,2026-10-02,2027-05-31,241,127.340000,30.990000,2.275084,0.660274,35843898075.000000,reported_yield,argentinadatos_reported_yield_curves,https://api.argentinadatos.com/v1/finanzas/letras,9a109ced7b2c7d646340bba6328a1cc097003cc03f4f659dd3ada51f111eefac,2026-10-02T02:28:38Z
2026-10-01,T30J7,BONCAP,nominal,boncap,2026-10-02,2027-06-30,271,128.600000,29.750000,2.194051,0.742466,695607211.000000,reported_yield,argentinadatos_reported_yield_curves,https://api.argentinadatos.com/v1/finanzas/letras,9a109ced7b2c7d646340bba6328a1cc097003cc03f4f659dd3ada51f111eefac,2026-10-02T02:28:38Z
